1, -4.47473, 4.9223
1, -4.47473, 5.513644818181825
1, -4.139615066778591, 5.317653357237176
1, -4.136064757363403, 5.306444489164111
1, -4.131222862381526, 5.2695063212611295
1, -4.292070728037044, 4.9223
2, -4.101030925260048, 4.9223
2, -4.292070728037044, 4.9223
2, -4.131222862381526, 5.2695063212611295
2, -4.1102157411422535, 5.283697027797902
2, -4.0661751328127105, 5.292774286514713
2, -4.064717071993783, 5.292139030519012
2, -4.049718537425446, 5.277613297437729
2, -4.05290073326878, 5.199922077804452
3, -4.47473, 5.513644818181825
3, -4.47473, 5.643900829141131
3, -4.237933628446515, 5.484838124239569
3, -4.125883466386298, 5.353602989782329
3, -4.124985824592266, 5.342233892163424
3, -4.126600878487415, 5.337566286974805
3, -4.139615066778591, 5.317653357237176
4, -4.136064757363403, 5.306444489164111
4, -4.139615066778591, 5.317653357237176
4, -4.126600878487415, 5.337566286974805
4, -4.115076794744481, 5.32876079272019
4, -4.1117275308360375, 5.3208365033698
5, -4.125883466386298, 5.353602989782329
5, -4.237933628446515, 5.484838124239569
5, -4.156217222905896, 5.443398575278802
5, -4.12541533760375, 5.408139727385858
5, -4.105191166411989, 5.374549813427318
5, -4.118453765689355, 5.355134981785542
6, -4.105886487710178, 5.320952858810554
6, -4.1117275308360375, 5.3208365033698
6, -4.115076794744481, 5.32876079272019
6, -4.106622364153627, 5.327774442484589
6, -4.105011634014678, 5.32348383089707
7, -4.1117275308360375, 5.3208365033698
7, -4.105886487710178, 5.320952858810554
7, -4.104615688389105, 5.318243001024851
7, -4.103491230472237, 5.301138011771782
7, -4.1102157411422535, 5.283697027797902
7, -4.131222862381526, 5.2695063212611295
7, -4.136064757363403, 5.306444489164111
8, -4.47473, 5.643900829141131
8, -4.47473, 5.76478
8, -4.09096739395887, 5.76478
8, -4.062383317862539, 5.453753269888882
8, -4.080877411534609, 5.43214332347858
8, -4.091922213712917, 5.424125615230624
8, -4.156217222905896, 5.443398575278802
8, -4.237933628446515, 5.484838124239569
9, -4.115076794744481, 5.32876079272019
9, -4.126600878487415, 5.337566286974805
9, -4.124985824592266, 5.342233892163424
9, -4.116419135494641, 5.339910620488035
9, -4.10618868873572, 5.3305467527486945
9, -4.106622364153627, 5.327774442484589
10, -4.125883466386298, 5.353602989782329
10, -4.118453765689355, 5.355134981785542
10, -4.111121952142218, 5.35552247679916
10, -4.10361088634743, 5.350112354612954
10, -4.103156081983301, 5.342194094016956
10, -4.104055104799197, 5.3399352991920175
10, -4.116419135494641, 5.339910620488035
10, -4.124985824592266, 5.342233892163424
11, -4.103491230472237, 5.301138011771782
11, -4.09565017091036, 5.309190114344641
11, -4.081012760947397, 5.310854568989259
11, -4.069472464494544, 5.301019089057851
11, -4.0661751328127105, 5.292774286514713
11, -4.1102157411422535, 5.283697027797902
12, -4.09565017091036, 5.309190114344641
12, -4.103491230472237, 5.301138011771782
12, -4.104615688389105, 5.318243001024851
12, -4.093446587303429, 5.319819009153504
12, -4.092357467259097, 5.317457663729876
13, -4.106622364153627, 5.327774442484589
13, -4.10618868873572, 5.3305467527486945
13, -4.100419741302408, 5.335429754683318
13, -4.095675838676605, 5.3279250562670875
13, -4.09562186865345, 5.32742147443565
13, -4.105011634014678, 5.32348383089707
14, -4.118453765689355, 5.355134981785542
14, -4.105191166411989, 5.374549813427318
14, -4.101816929469441, 5.371406114412523
14, -4.100916913809839, 5.3683155369480025
14, -4.105292569894142, 5.359555165450031
14, -4.111121952142218, 5.35552247679916
15, -4.111121952142218, 5.35552247679916
15, -4.105292569894142, 5.359555165450031
15, -4.09561, 5.3574743839541545
15, -4.09561, 5.3549699856321835
15, -4.098647990601404, 5.349985236685629
15, -4.10361088634743, 5.350112354612954
16, -4.101816929469441, 5.371406114412523
16, -4.105191166411989, 5.374549813427318
16, -4.12541533760375, 5.408139727385858
16, -4.0916048659343796, 5.382503537861856
16, -4.093576803249319, 5.375117576222414
17, -4.10618868873572, 5.3305467527486945
17, -4.116419135494641, 5.339910620488035
17, -4.104055104799197, 5.3399352991920175
17, -4.10040726788288, 5.335645614137932
17, -4.100419741302408, 5.335429754683318
18, -4.103156081983301, 5.342194094016956
18, -4.10361088634743, 5.350112354612954
18, -4.098647990601404, 5.349985236685629
18, -4.095869807161963, 5.347178752565989
18, -4.095623939062215, 5.3467473658091595
18, -4.09546395985671, 5.344872409520644
19, -4.104055104799197, 5.3399352991920175
19, -4.103156081983301, 5.342194094016956
19, -4.09546395985671, 5.344872409520644
19, -4.094038894257247, 5.342396604308674
19, -4.095925701192775, 5.33828462688383
19, -4.10040726788288, 5.335645614137932
20, -4.105886487710178, 5.320952858810554
20, -4.105011634014678, 5.32348383089707
20, -4.09562186865345, 5.32742147443565
20, -4.093291418254204, 5.325134800452744
20, -4.093446587303429, 5.319819009153504
20, -4.104615688389105, 5.318243001024851
21, -4.100419741302408, 5.335429754683318
21, -4.10040726788288, 5.335645614137932
21, -4.095925701192775, 5.33828462688383
21, -4.091303849610545, 5.335315766926303
21, -4.091407720178603, 5.333182710617978
21, -4.095675838676605, 5.3279250562670875
22, -4.105292569894142, 5.359555165450031
22, -4.100916913809839, 5.3683155369480025
22, -4.094872188722858, 5.365511987982321
22, -4.09232224654676, 5.360611409455384
22, -4.09561, 5.3574743839541545
23, -4.095623939062215, 5.3467473658091595
23, -4.095869807161963, 5.347178752565989
23, -4.091655015494236, 5.352185585620942
23, -4.089603071978598, 5.3519048368099496
23, -4.089203774658484, 5.348629441401485
24, -4.095869807161963, 5.347178752565989
24, -4.098647990601404, 5.349985236685629
24, -4.09561, 5.3549699856321835
24, -4.091655015494236, 5.352185585620942
25, -4.09562186865345, 5.32742147443565
25, -4.095675838676605, 5.3279250562670875
25, -4.091407720178603, 5.333182710617978
25, -4.085777985964657, 5.330896697331103
25, -4.08518505010099, 5.327040203908881
25, -4.085557939484461, 5.326572434326606
25, -4.093291418254204, 5.325134800452744
26, -4.100916913809839, 5.3683155369480025
26, -4.101816929469441, 5.371406114412523
26, -4.093576803249319, 5.375117576222414
26, -4.089321925158877, 5.370777939604273
26, -4.094872188722858, 5.365511987982321
27, -4.089321925158877, 5.370777939604273
27, -4.093576803249319, 5.375117576222414
27, -4.0916048659343796, 5.382503537861856
27, -4.084047148485617, 5.382306093864646
27, -4.082073156110655, 5.377602718530802
27, -4.082301511591874, 5.375840733042581
27, -4.086751747567265, 5.370545515552876
28, -4.12541533760375, 5.408139727385858
28, -4.156217222905896, 5.443398575278802
28, -4.091922213712917, 5.424125615230624
28, -4.067117971276414, 5.408686025341123
28, -4.084047148485617, 5.382306093864646
28, -4.0916048659343796, 5.382503537861856
29, -4.09561, 5.3549699856321835
29, -4.09561, 5.3574743839541545
29, -4.09232224654676, 5.360611409455384
29, -4.08467338804783, 5.359463743131625
29, -4.084904094543865, 5.3573723385914835
29, -4.089603071978598, 5.3519048368099496
29, -4.091655015494236, 5.352185585620942
30, -4.09546395985671, 5.344872409520644
30, -4.095623939062215, 5.3467473658091595
30, -4.089203774658484, 5.348629441401485
30, -4.087934946599517, 5.347287524168613
30, -4.088624376026165, 5.342134039204414
30, -4.094038894257247, 5.342396604308674
31, -4.095925701192775, 5.33828462688383
31, -4.094038894257247, 5.342396604308674
31, -4.088624376026165, 5.342134039204414
31, -4.087890394865805, 5.341451640907446
31, -4.087928275700935, 5.3375661495327105
31, -4.091303849610545, 5.335315766926303
32, -4.09232224654676, 5.360611409455384
32, -4.094872188722858, 5.365511987982321
32, -4.089321925158877, 5.370777939604273
32, -4.086751747567265, 5.370545515552876
32, -4.083658272798961, 5.362419083402914
32, -4.084166553805741, 5.35989481143666
32, -4.08467338804783, 5.359463743131625
33, -4.088624376026165, 5.342134039204414
33, -4.087934946599517, 5.347287524168613
33, -4.081672405464348, 5.348981090740185
33, -4.080040349817322, 5.347734719885368
33, -4.082422162972983, 5.342109413729337
33, -4.087890394865805, 5.341451640907446
34, -4.091303849610545, 5.335315766926303
34, -4.087928275700935, 5.3375661495327105
34, -4.084654212862914, 5.33451231513671
34, -4.085777985964657, 5.330896697331103
34, -4.091407720178603, 5.333182710617978
35, -4.089203774658484, 5.348629441401485
35, -4.089603071978598, 5.3519048368099496
35, -4.084904094543865, 5.3573723385914835
35, -4.081672405464348, 5.348981090740185
35, -4.087934946599517, 5.347287524168613
36, -4.092357467259097, 5.317457663729876
36, -4.093446587303429, 5.319819009153504
36, -4.093291418254204, 5.325134800452744
36, -4.085557939484461, 5.326572434326606
36, -4.085182831071024, 5.325212895052541
36, -4.085788494992702, 5.316908923915855
37, -4.084904094543865, 5.3573723385914835
37, -4.08467338804783, 5.359463743131625
37, -4.084166553805741, 5.35989481143666
37, -4.078486586129909, 5.358508763547637
37, -4.075174364989112, 5.352146799167768
37, -4.078628135668394, 5.347835132559585
37, -4.080040349817322, 5.347734719885368
37, -4.081672405464348, 5.348981090740185
38, -4.092357467259097, 5.317457663729876
38, -4.085788494992702, 5.316908923915855
38, -4.083146691786195, 5.314930924053115
38, -4.081012760947397, 5.310854568989259
38, -4.09565017091036, 5.309190114344641
39, -4.082301511591874, 5.375840733042581
39, -4.076231460696449, 5.368603868908077
39, -4.083658272798961, 5.362419083402914
39, -4.086751747567265, 5.370545515552876
40, -4.076231460696449, 5.368603868908077
40, -4.082301511591874, 5.375840733042581
40, -4.082073156110655, 5.377602718530802
40, -4.066040734798848, 5.377247920825425
40, -4.073019185375307, 5.368407886428998
41, -4.085557939484461, 5.326572434326606
41, -4.08518505010099, 5.327040203908881
41, -4.078657493288627, 5.327934494479193
41, -4.075453545167999, 5.324549475507164
41, -4.075569250248469, 5.32275955297444
41, -4.0801232304353405, 5.320590543854508
41, -4.085182831071024, 5.325212895052541
42, -4.083146691786195, 5.314930924053115
42, -4.0801232304353405, 5.320590543854508
42, -4.075569250248469, 5.32275955297444
42, -4.06933550479398, 5.311006190423018
42, -4.069472464494544, 5.301019089057851
42, -4.081012760947397, 5.310854568989259
43, -4.0801232304353405, 5.320590543854508
43, -4.083146691786195, 5.314930924053115
43, -4.085788494992702, 5.316908923915855
43, -4.085182831071024, 5.325212895052541
44, -4.084654212862914, 5.33451231513671
44, -4.087928275700935, 5.3375661495327105
44, -4.087890394865805, 5.341451640907446
44, -4.082422162972983, 5.342109413729337
44, -4.078904647352629, 5.336713527047232
45, -4.08518505010099, 5.327040203908881
45, -4.085777985964657, 5.330896697331103
45, -4.084654212862914, 5.33451231513671
45, -4.078904647352629, 5.336713527047232
45, -4.078547027882819, 5.336591255247554
45, -4.078464581282853, 5.336498030588024
45, -4.0777842315520445, 5.332022341449814
45, -4.078430895528786, 5.328759435632528
45, -4.078657493288627, 5.327934494479193
46, -4.082422162972983, 5.342109413729337
46, -4.080040349817322, 5.347734719885368
46, -4.078628135668394, 5.347835132559585
46, -4.076422179416295, 5.346066866040046
46, -4.075829383024429, 5.340826545935954
46, -4.078547027882819, 5.336591255247554
46, -4.078904647352629, 5.336713527047232
47, -4.082073156110655, 5.377602718530802
47, -4.084047148485617, 5.382306093864646
47, -4.067117971276414, 5.408686025341123
47, -4.055973423482011, 5.405361154841134
47, -4.0508404228269015, 5.39761818016871
47, -4.049557479089258, 5.3929520788906595
47, -4.049984820923663, 5.3870799130298925
47, -4.066040734798848, 5.377247920825425
48, -4.023482794970986, 5.2443300483559
48, -4.017081429419738, 5.25627522169172
48, -4.003861420694807, 5.266876172084353
48, -4.003149416764251, 5.266229619446792
48, -4.001299453919318, 5.261583758062753
49, -4.017081429419738, 5.25627522169172
49, -4.023482794970986, 5.2443300483559
49, -4.05290073326878, 5.199922077804452
49, -4.049718537425446, 5.277613297437729
49, -4.036478033896242, 5.285743084999625
49, -4.0295050534348595, 5.285795302019209
49, -4.0200910896370905, 5.281660849952037
49, -4.013640669626596, 5.271980890795348
50, -4.084166553805741, 5.35989481143666
50, -4.083658272798961, 5.362419083402914
50, -4.076231460696449, 5.368603868908077
50, -4.073019185375307, 5.368407886428998
50, -4.071235882421052, 5.363529425473684
50, -4.071578737988732, 5.362036296897557
50, -4.074887647334324, 5.359794446689768
50, -4.078486586129909, 5.358508763547637
51, -4.078430895528786, 5.328759435632528
51, -4.0777842315520445, 5.332022341449814
51, -4.06964006367458, 5.331308983679525
51, -4.069626617137197, 5.331235638930164
52, -4.075174364989112, 5.352146799167768
52, -4.078486586129909, 5.358508763547637
52, -4.074887647334324, 5.359794446689768
52, -4.071605132310804, 5.353753222231586
52, -4.072807796719843, 5.352386042408104
53, -4.069472464494544, 5.301019089057851
53, -4.06933550479398, 5.311006190423018
53, -4.065348409114676, 5.320282473839054
53, -4.056857102771094, 5.320302836684002
53, -4.058121326972568, 5.303318259368529
53, -4.064717071993783, 5.292139030519012
53, -4.0661751328127105, 5.292774286514713
54, -4.075569250248469, 5.32275955297444
54, -4.075453545167999, 5.324549475507164
54, -4.074023986168889, 5.325257137714405
54, -4.065264345888201, 5.32349555716209
54, -4.065348409114676, 5.320282473839054
54, -4.06933550479398, 5.311006190423018
55, -4.078657493288627, 5.327934494479193
55, -4.078430895528786, 5.328759435632528
55, -4.069626617137197, 5.331235638930164
55, -4.069521794258735, 5.330831910638448
55, -4.074023986168889, 5.325257137714405
55, -4.075453545167999, 5.324549475507164
56, -4.0777842315520445, 5.332022341449814
56, -4.078464581282853, 5.336498030588024
56, -4.069455985803871, 5.335874247004132
56, -4.069152004488139, 5.335231367599915
56, -4.06964006367458, 5.331308983679525
57, -4.076422179416295, 5.346066866040046
57, -4.078628135668394, 5.347835132559585
57, -4.075174364989112, 5.352146799167768
57, -4.072807796719843, 5.352386042408104
57, -4.070462161411919, 5.349278837195009
57, -4.072437648486453, 5.345634063542494
58, -4.068500159744519, 5.355605416291397
58, -4.071605132310804, 5.353753222231586
58, -4.074887647334324, 5.359794446689768
58, -4.071578737988732, 5.362036296897557
58, -4.067943040884906, 5.357039408849062
59, -4.071605132310804, 5.353753222231586
59, -4.068500159744519, 5.355605416291397
59, -4.065541445039049, 5.3502696145576
59, -4.066029966668047, 5.349734042689743
59, -4.068639426192363, 5.349138902798233
59, -4.070462161411919, 5.349278837195009
59, -4.072807796719843, 5.352386042408104
60, -4.078464581282853, 5.336498030588024
60, -4.078547027882819, 5.336591255247554
60, -4.075829383024429, 5.340826545935954
60, -4.068865180463975, 5.341565762967512
60, -4.0684005304607505, 5.3412171169896485
60, -4.069455985803871, 5.335874247004132
61, -4.068865180463975, 5.341565762967512
61, -4.06888134277344, 5.341591105468752
61, -4.068639426192363, 5.349138902798233
61, -4.066029966668047, 5.349734042689743
61, -4.065707247255098, 5.344338174105233
61, -4.066090589395227, 5.342095402273903
61, -4.0684005304607505, 5.3412171169896485
62, -4.06888134277344, 5.341591105468752
62, -4.068865180463975, 5.341565762967512
62, -4.075829383024429, 5.340826545935954
62, -4.076422179416295, 5.346066866040046
62, -4.072437648486453, 5.345634063542494
63, -4.071235882421052, 5.363529425473684
63, -4.073019185375307, 5.368407886428998
63, -4.066040734798848, 5.377247920825425
63, -4.049984820923663, 5.3870799130298925
63, -4.047603268926967, 5.377682133107268
63, -4.058093896208788, 5.364755102944258
64, -4.069626617137197, 5.331235638930164
64, -4.06964006367458, 5.331308983679525
64, -4.069152004488139, 5.335231367599915
64, -4.061441420698946, 5.334352946661905
64, -4.060993360538328, 5.3323278159924445
64, -4.064612092809593, 5.32685410331322
64, -4.069521794258735, 5.330831910638448
65, -4.074023986168889, 5.325257137714405
65, -4.069521794258735, 5.330831910638448
65, -4.064612092809593, 5.32685410331322
65, -4.0643677323319265, 5.325700306906879
65, -4.065264345888201, 5.32349555716209
66, -4.06888134277344, 5.341591105468752
66, -4.072437648486453, 5.345634063542494
66, -4.070462161411919, 5.349278837195009
66, -4.068639426192363, 5.349138902798233
67, -4.071578737988732, 5.362036296897557
67, -4.071235882421052, 5.363529425473684
67, -4.058093896208788, 5.364755102944258
67, -4.06033345030337, 5.358805531591481
67, -4.067943040884906, 5.357039408849062
68, -4.065348409114676, 5.320282473839054
68, -4.065264345888201, 5.32349555716209
68, -4.0643677323319265, 5.325700306906879
68, -4.057628032297802, 5.3252300952765905
68, -4.055793983972286, 5.321724155337267
68, -4.056857102771094, 5.320302836684002
69, -4.091922213712917, 5.424125615230624
69, -4.080877411534609, 5.43214332347858
69, -4.057122015203747, 5.443168067970822
69, -4.051967789016905, 5.43906995283599
69, -4.052259893295709, 5.410891626740573
69, -4.055973423482011, 5.405361154841134
69, -4.067117971276414, 5.408686025341123
70, -4.0651561227592605, 5.350329921230199
70, -4.061509576523031, 5.347748781575037
70, -4.065707247255098, 5.344338174105233
70, -4.066029966668047, 5.349734042689743
70, -4.065541445039049, 5.3502696145576
71, -4.061509576523031, 5.347748781575037
71, -4.0651561227592605, 5.350329921230199
71, -4.0595660580975315, 5.3553179789283565
71, -4.055895807117341, 5.351089849799177
71, -4.057415763577447, 5.346421058457551
72, -4.069455985803871, 5.335874247004132
72, -4.0684005304607505, 5.3412171169896485
72, -4.066090589395227, 5.342095402273903
72, -4.062203715977806, 5.34132558408795
72, -4.06094342989771, 5.335329061610072
72, -4.061441420698946, 5.334352946661905
72, -4.069152004488139, 5.335231367599915
73, -4.068500159744519, 5.355605416291397
73, -4.067943040884906, 5.357039408849062
73, -4.06033345030337, 5.358805531591481
73, -4.0595660580975315, 5.3553179789283565
73, -4.0651561227592605, 5.350329921230199
73, -4.065541445039049, 5.3502696145576
74, -4.0595660580975315, 5.3553179789283565
74, -4.06033345030337, 5.358805531591481
74, -4.058093896208788, 5.364755102944258
74, -4.047603268926967, 5.377682133107268
74, -4.046957818978718, 5.37679437036282
74, -4.045646519456718, 5.371787203954667
74, -4.052278604039578, 5.351955339376796
74, -4.055895807117341, 5.351089849799177
75, -4.06094342989771, 5.335329061610072
75, -4.062203715977806, 5.34132558408795
75, -4.060027598972372, 5.342654914504717
75, -4.056263367346938, 5.336705
76, -4.061441420698946, 5.334352946661905
76, -4.06094342989771, 5.335329061610072
76, -4.056263367346938, 5.336705
76, -4.052676970310391, 5.336705
76, -4.053934275755608, 5.330323744281469
76, -4.05554591119047, 5.329675499830566
76, -4.060993360538328, 5.3323278159924445
77, -4.066090589395227, 5.342095402273903
77, -4.065707247255098, 5.344338174105233
77, -4.061509576523031, 5.347748781575037
77, -4.057415763577447, 5.346421058457551
77, -4.05727026708799, 5.345266644705435
77, -4.060027598972372, 5.342654914504717
77, -4.062203715977806, 5.34132558408795
78, -4.080877411534609, 5.43214332347858
78, -4.062383317862539, 5.453753269888882
78, -4.057406024673924, 5.447229076946683
78, -4.057122015203747, 5.443168067970822
79, -4.09096739395887, 5.76478
79, -4.019725878787883, 5.76478
79, -4.031422286862864, 5.489078952518206
79, -4.04005806111054, 5.456730510937813
79, -4.057406024673924, 5.447229076946683
79, -4.062383317862539, 5.453753269888882
80, -4.064612092809593, 5.32685410331322
80, -4.060993360538328, 5.3323278159924445
80, -4.05554591119047, 5.329675499830566
80, -4.057628032297802, 5.3252300952765905
80, -4.0643677323319265, 5.325700306906879
81, -4.046957818978718, 5.37679437036282
81, -4.047603268926967, 5.377682133107268
81, -4.049984820923663, 5.3870799130298925
81, -4.049557479089258, 5.3929520788906595
81, -4.029711229144488, 5.3883135210060225
81, -4.019423263049675, 5.3789373191021514
81, -4.021054981396032, 5.3727523866937155
81, -4.028910630555756, 5.370328070057427
82, -4.055793983972286, 5.321724155337267
82, -4.057628032297802, 5.3252300952765905
82, -4.05554591119047, 5.329675499830566
82, -4.053934275755608, 5.330323744281469
82, -4.05099626443769, 5.328477501519757
82, -4.048652975417687, 5.325046632169841
82, -4.0502136236215565, 5.321667716800218
83, -4.064717071993783, 5.292139030519012
83, -4.058121326972568, 5.303318259368529
83, -4.047473906268968, 5.314961652610103
83, -4.04231701346943, 5.315241609811652
83, -4.033330511012914, 5.301942213506021
83, -4.034057019873899, 5.296432255213797
83, -4.036478033896242, 5.285743084999625
83, -4.049718537425446, 5.277613297437729
84, -4.060027598972372, 5.342654914504717
84, -4.05727026708799, 5.345266644705435
84, -4.051383433418241, 5.34120211486347
84, -4.051062277399675, 5.338324062850934
84, -4.052676970310391, 5.336705
84, -4.056263367346938, 5.336705
85, -4.045646519456718, 5.371787203954667
85, -4.042873022601767, 5.3659234317461415
85, -4.0405954265519135, 5.353883500211231
85, -4.043817997050478, 5.348233098404725
85, -4.044985297622299, 5.348007309869922
85, -4.052278604039578, 5.351955339376796
86, -4.042873022601767, 5.3659234317461415
86, -4.045646519456718, 5.371787203954667
86, -4.046957818978718, 5.37679437036282
86, -4.028910630555756, 5.370328070057427
86, -4.028909492637442, 5.370325537459744
86, -4.027296422534619, 5.361289357717075
86, -4.028043553022872, 5.359476066568577
86, -4.028766422338569, 5.358836422338569
86, -4.029641354121746, 5.358328358503096
87, -4.05727026708799, 5.345266644705435
87, -4.057415763577447, 5.346421058457551
87, -4.055895807117341, 5.351089849799177
87, -4.052278604039578, 5.351955339376796
87, -4.044985297622299, 5.348007309869922
87, -4.051383433418241, 5.34120211486347
88, -4.052676970310391, 5.336705
88, -4.051062277399675, 5.338324062850934
88, -4.044804788362455, 5.335270926657861
88, -4.05099626443769, 5.328477501519757
88, -4.053934275755608, 5.330323744281469
89, -4.056857102771094, 5.320302836684002
89, -4.055793983972286, 5.321724155337267
89, -4.0502136236215565, 5.321667716800218
89, -4.047473906268968, 5.314961652610103
89, -4.058121326972568, 5.303318259368529
90, -4.057122015203747, 5.443168067970822
90, -4.057406024673924, 5.447229076946683
90, -4.04005806111054, 5.456730510937813
90, -4.040062440597211, 5.456564705109093
90, -4.046293880628785, 5.44255652842521
90, -4.051967789016905, 5.43906995283599
91, -4.046293880628785, 5.44255652842521
91, -4.040062440597211, 5.456564705109093
91, -4.032592946445633, 5.438818275951697
91, -4.036078092855824, 5.433477934096364
92, -4.052259893295709, 5.410891626740573
92, -4.044954792787944, 5.417089296357147
92, -4.027879884521944, 5.420158632094031
92, -4.019595500853944, 5.413123480883905
92, -4.019947422675482, 5.409026336007461
92, -4.021161013607011, 5.4057680568527715
92, -4.0508404228269015, 5.39761818016871
92, -4.055973423482011, 5.405361154841134
93, -4.044954792787944, 5.417089296357147
93, -4.052259893295709, 5.410891626740573
93, -4.051967789016905, 5.43906995283599
93, -4.046293880628785, 5.44255652842521
93, -4.036078092855824, 5.433477934096364
93, -4.0364349702841835, 5.431438471100323
94, -4.040062440597211, 5.456564705109093
94, -4.04005806111054, 5.456730510937813
94, -4.031422286862864, 5.489078952518206
94, -4.0286567373915, 5.478778282748051
94, -4.025289280943652, 5.443597224595521
94, -4.0316344752823206, 5.439012199187066
94, -4.032592946445633, 5.438818275951697
95, -4.0502136236215565, 5.321667716800218
95, -4.048652975417687, 5.325046632169841
95, -4.044347486292703, 5.326302399831295
95, -4.04190247483191, 5.324283981646375
95, -4.042186073929258, 5.315413632101532
95, -4.04231701346943, 5.315241609811652
95, -4.047473906268968, 5.314961652610103
96, -4.051062277399675, 5.338324062850934
96, -4.051383433418241, 5.34120211486347
96, -4.044985297622299, 5.348007309869922
96, -4.043817997050478, 5.348233098404725
96, -4.038325038023801, 5.340841238112149
96, -4.039198120856378, 5.335784633373479
96, -4.04164268087493, 5.334725936703791
96, -4.044804788362455, 5.335270926657861
97, -4.048652975417687, 5.325046632169841
97, -4.05099626443769, 5.328477501519757
97, -4.044804788362455, 5.335270926657861
97, -4.04164268087493, 5.334725936703791
97, -4.044347486292703, 5.326302399831295
98, -4.044347486292703, 5.326302399831295
98, -4.04164268087493, 5.334725936703791
98, -4.039198120856378, 5.335784633373479
98, -4.0349924939155475, 5.332643917474547
98, -4.032991089157269, 5.325011441701448
98, -4.04190247483191, 5.324283981646375
99, -4.038325038023801, 5.340841238112149
99, -4.043817997050478, 5.348233098404725
99, -4.0405954265519135, 5.353883500211231
99, -4.03981295127507, 5.353669031612867
99, -4.033018663916386, 5.350261866860725
99, -4.03488231096719, 5.342660534795237
100, -4.0405954265519135, 5.353883500211231
100, -4.042873022601767, 5.3659234317461415
100, -4.029641354121746, 5.358328358503096
100, -4.029972333829082, 5.356897984212333
100, -4.03981295127507, 5.353669031612867
101, -4.033330511012914, 5.301942213506021
101, -4.028846380056254, 5.309364576390903
101, -4.024940280515969, 5.310953954824536
101, -4.020457834530284, 5.310462209695306
101, -4.0178595251293, 5.305982969246469
101, -4.034057019873899, 5.296432255213797
102, -4.028846380056254, 5.309364576390903
102, -4.033330511012914, 5.301942213506021
102, -4.04231701346943, 5.315241609811652
102, -4.042186073929258, 5.315413632101532
102, -4.03237064783219, 5.320523427452065
102, -4.031884804206054, 5.3198278820898635
103, -4.044954792787944, 5.417089296357147
103, -4.0364349702841835, 5.431438471100323
103, -4.023112879729175, 5.429093310189011
103, -4.022698338229804, 5.428312028762031
103, -4.02410553904997, 5.4235147532387415
103, -4.027879884521944, 5.420158632094031
104, -4.042186073929258, 5.315413632101532
104, -4.04190247483191, 5.324283981646375
104, -4.032991089157269, 5.325011441701448
104, -4.032958123425692, 5.324973488664986
104, -4.032427887682389, 5.324059289107567
104, -4.03237064783219, 5.320523427452065
105, -4.039198120856378, 5.335784633373479
105, -4.038325038023801, 5.340841238112149
105, -4.03488231096719, 5.342660534795237
105, -4.030325764023797, 5.342457892936255
105, -4.027319003285871, 5.33687699890471
105, -4.028318649394822, 5.335254691871962
105, -4.0349924939155475, 5.332643917474547
106, -4.032991089157269, 5.325011441701448
106, -4.0349924939155475, 5.332643917474547
106, -4.028318649394822, 5.335254691871962
106, -4.025529409735987, 5.331325577182272
106, -4.032958123425692, 5.324973488664986
107, -4.033018663916386, 5.350261866860725
107, -4.03981295127507, 5.353669031612867
107, -4.029972333829082, 5.356897984212333
107, -4.029343858245303, 5.352055025302043
107, -4.030180378451354, 5.35088946290144
108, -4.033018663916386, 5.350261866860725
108, -4.030180378451354, 5.35088946290144
108, -4.028504797586997, 5.347846060923322
108, -4.028006562042657, 5.344649516026487
108, -4.030325764023797, 5.342457892936255
108, -4.03488231096719, 5.342660534795237
109, -4.028318649394822, 5.335254691871962
109, -4.027319003285871, 5.33687699890471
109, -4.025485750228728, 5.337488083257091
109, -4.02046966279944, 5.334338139172207
109, -4.023620031962957, 5.3310494092008325
109, -4.024819476441538, 5.330953197076882
109, -4.025529409735987, 5.331325577182272
110, -4.029972333829082, 5.356897984212333
110, -4.029641354121746, 5.358328358503096
110, -4.028766422338569, 5.358836422338569
110, -4.024639035087719, 5.354709035087719
110, -4.026152182154217, 5.352360269491963
110, -4.029343858245303, 5.352055025302043
111, -4.027319003285871, 5.33687699890471
111, -4.030325764023797, 5.342457892936255
111, -4.028006562042657, 5.344649516026487
111, -4.023421149846688, 5.343959403823081
111, -4.022004646685223, 5.343020998274983
111, -4.021591148992059, 5.342610901056268
111, -4.025485750228728, 5.337488083257091
112, -4.0364349702841835, 5.431438471100323
112, -4.036078092855824, 5.433477934096364
112, -4.032592946445633, 5.438818275951697
112, -4.0316344752823206, 5.439012199187066
112, -4.022232154066832, 5.434353698838921
112, -4.023112879729175, 5.429093310189011
113, -4.025289280943652, 5.443597224595521
113, -4.0286567373915, 5.478778282748051
113, -4.018865708451996, 5.454601417676304
113, -4.019814599046743, 5.4418507003093906
114, -4.019725878787883, 5.76478
114, -3.929819735718969, 5.76478
114, -3.995291038959068, 5.452689875321876
114, -4.000009422754785, 5.446427114342154
114, -4.002745844300973, 5.445526473939427
114, -4.013403826499017, 5.447447472065911
114, -4.018865708451996, 5.454601417676304
114, -4.0286567373915, 5.478778282748051
114, -4.031422286862864, 5.489078952518206
115, -4.032427887682389, 5.324059289107567
115, -4.032958123425692, 5.324973488664986
115, -4.025529409735987, 5.331325577182272
115, -4.024819476441538, 5.330953197076882
115, -4.025308442112342, 5.325858490248823
115, -4.026448741567203, 5.324986354436948
116, -4.030180378451354, 5.35088946290144
116, -4.029343858245303, 5.352055025302043
116, -4.026152182154217, 5.352360269491963
116, -4.024079869443815, 5.351022447362463
116, -4.024403103448276, 5.348586366694702
116, -4.028504797586997, 5.347846060923322
117, -4.027879884521944, 5.420158632094031
117, -4.02410553904997, 5.4235147532387415
117, -4.021276022503619, 5.422000022753543
117, -4.017846029025918, 5.415523653489727
117, -4.019595500853944, 5.413123480883905
118, -4.031884804206054, 5.3198278820898635
118, -4.03237064783219, 5.320523427452065
118, -4.032427887682389, 5.324059289107567
118, -4.026448741567203, 5.324986354436948
118, -4.022465561797753, 5.32064106741573
118, -4.022666791398578, 5.319232460209956
119, -4.02410553904997, 5.4235147532387415
119, -4.022698338229804, 5.428312028762031
119, -4.01526448981238, 5.427402718173772
119, -4.014839260969686, 5.4258134253742005
119, -4.0167582985898225, 5.422530676038656
119, -4.021276022503619, 5.422000022753543
120, -4.028909492637442, 5.370325537459744
120, -4.02130456492106, 5.363232998490208
120, -4.021898636354108, 5.362137177536004
120, -4.027296422534619, 5.361289357717075
121, -4.02130456492106, 5.363232998490208
121, -4.028909492637442, 5.370325537459744
121, -4.028910630555756, 5.370328070057427
121, -4.021054981396032, 5.3727523866937155
121, -4.017531910584212, 5.369770665787127
121, -4.018535795174816, 5.36458864180887
122, -4.024124708999255, 5.355024423726872
122, -4.024639035087719, 5.354709035087719
122, -4.028766422338569, 5.358836422338569
122, -4.028043553022872, 5.359476066568577
122, -4.024981240960472, 5.358311654496946
123, -4.024639035087719, 5.354709035087719
123, -4.024124708999255, 5.355024423726872
123, -4.022705239825582, 5.355236344476745
123, -4.021638008083295, 5.353626243408902
123, -4.022580346245172, 5.351208168125598
123, -4.024079869443815, 5.351022447362463
123, -4.026152182154217, 5.352360269491963
124, -4.028006562042657, 5.344649516026487
124, -4.028504797586997, 5.347846060923322
124, -4.024403103448276, 5.348586366694702
124, -4.023858592609489, 5.347683275547444
124, -4.023421149846688, 5.343959403823081
125, -4.021959186046511, 5.3212465166835194
125, -4.0214295497790795, 5.3236951249344004
125, -4.020009034540657, 5.324734683813428
125, -4.018835180162568, 5.324826678670645
125, -4.017844167548562, 5.3237014253041455
125, -4.018152685735125, 5.322899783786601
125, -4.018627789295138, 5.322115576705617
126, -4.0214295497790795, 5.3236951249344004
126, -4.021959186046511, 5.3212465166835194
126, -4.022465561797753, 5.32064106741573
126, -4.026448741567203, 5.324986354436948
126, -4.025308442112342, 5.325858490248823
126, -4.023634887424419, 5.3260026967752205
127, -4.028846380056254, 5.309364576390903
127, -4.031884804206054, 5.3198278820898635
127, -4.022666791398578, 5.319232460209956
127, -4.022578512918738, 5.319053203602576
127, -4.022359896937006, 5.317964808322096
127, -4.024940280515969, 5.310953954824536
128, -4.024981240960472, 5.358311654496946
128, -4.028043553022872, 5.359476066568577
128, -4.027296422534619, 5.361289357717075
128, -4.021898636354108, 5.362137177536004
128, -4.0215021405495, 5.359896515198336
128, -4.02265186, 5.3584293
129, -4.049557479089258, 5.3929520788906595
129, -4.0508404228269015, 5.39761818016871
129, -4.021161013607011, 5.4057680568527715
129, -4.017984373519396, 5.403577782053062
129, -4.014193826782749, 5.3932080029697005
129, -4.014382965399171, 5.391754839610741
129, -4.029711229144488, 5.3883135210060225
130, -4.024124708999255, 5.355024423726872
130, -4.024981240960472, 5.358311654496946
130, -4.02265186, 5.3584293
130, -4.022190784313726, 5.356123921568627
130, -4.022705239825582, 5.355236344476745
131, -4.022190784313726, 5.356123921568627
131, -4.02265186, 5.3584293
131, -4.0215021405495, 5.359896515198336
131, -4.018362528458712, 5.35814799277239
131, -4.018299885496183, 5.356513011450382
132, -4.0316344752823206, 5.439012199187066
132, -4.025289280943652, 5.443597224595521
132, -4.019814599046743, 5.4418507003093906
132, -4.018918046980739, 5.441060635270382
132, -4.018950364219016, 5.438230183817889
132, -4.020197765250787, 5.436117030119304
132, -4.022232154066832, 5.434353698838921
133, -4.023112879729175, 5.429093310189011
133, -4.022232154066832, 5.434353698838921
133, -4.020197765250787, 5.436117030119304
133, -4.013830110652069, 5.429477769400261
133, -4.01526448981238, 5.427402718173772
133, -4.022698338229804, 5.428312028762031
134, -4.023421149846688, 5.343959403823081
134, -4.023858592609489, 5.347683275547444
134, -4.021040958822121, 5.349035739765382
134, -4.022004646685223, 5.343020998274983
135, -4.023858592609489, 5.347683275547444
135, -4.024403103448276, 5.348586366694702
135, -4.024079869443815, 5.351022447362463
135, -4.022580346245172, 5.351208168125598
135, -4.020521759385334, 5.349848253169705
135, -4.021040958822121, 5.349035739765382
136, -4.025308442112342, 5.325858490248823
136, -4.024819476441538, 5.330953197076882
136, -4.023620031962957, 5.3310494092008325
136, -4.02316476884975, 5.330595864061638
136, -4.023257062676793, 5.326258054190857
136, -4.023634887424419, 5.3260026967752205
137, -4.023257062676793, 5.326258054190857
137, -4.02316476884975, 5.330595864061638
137, -4.021332643161381, 5.329101235210601
137, -4.021579564315353, 5.327243153526971
137, -4.0217016959578205, 5.327059956063269
138, -4.021638008083295, 5.353626243408902
138, -4.022705239825582, 5.355236344476745
138, -4.022190784313726, 5.356123921568627
138, -4.018299885496183, 5.356513011450382
138, -4.017724726793703, 5.355411361320246
138, -4.018254159919734, 5.353759656777358
139, -4.02316476884975, 5.330595864061638
139, -4.023620031962957, 5.3310494092008325
139, -4.02046966279944, 5.334338139172207
139, -4.01676537600683, 5.334727775264467
139, -4.015698773602868, 5.331799189806734
139, -4.01830067620207, 5.329933539866098
139, -4.021332643161381, 5.329101235210601
140, -4.021898636354108, 5.362137177536004
140, -4.02130456492106, 5.363232998490208
140, -4.018535795174816, 5.36458864180887
140, -4.015450248176101, 5.361404017612949
140, -4.018362528458712, 5.35814799277239
140, -4.0215021405495, 5.359896515198336
141, -4.022465561797753, 5.32064106741573
141, -4.021959186046511, 5.3212465166835194
141, -4.018627789295138, 5.322115576705617
141, -4.017706506452463, 5.3199129694495655
141, -4.022578512918738, 5.319053203602576
141, -4.022666791398578, 5.319232460209956
142, -4.023634887424419, 5.3260026967752205
142, -4.023257062676793, 5.326258054190857
142, -4.0217016959578205, 5.327059956063269
142, -4.020009034540657, 5.324734683813428
142, -4.0214295497790795, 5.3236951249344004
143, -4.025485750228728, 5.337488083257091
143, -4.021591148992059, 5.342610901056268
143, -4.019427981379343, 5.342356800672753
143, -4.0158854641432375, 5.337521833859012
143, -4.01676537600683, 5.334727775264467
143, -4.02046966279944, 5.334338139172207
144, -4.022580346245172, 5.351208168125598
144, -4.021638008083295, 5.353626243408902
144, -4.018254159919734, 5.353759656777358
144, -4.017427476665491, 5.349995295530359
144, -4.020521759385334, 5.349848253169705
145, -4.019423263049675, 5.3789373191021514
145, -4.029711229144488, 5.3883135210060225
145, -4.014382965399171, 5.391754839610741
145, -4.008396502825601, 5.384359797608095
145, -4.008259013717222, 5.382651495436488
146, -4.020197765250787, 5.436117030119304
146, -4.018950364219016, 5.438230183817889
146, -4.014578150960262, 5.436149930772672
146, -4.013091364348801, 5.435412837410211
146, -4.013257751222861, 5.4299122831030635
146, -4.013830110652069, 5.429477769400261
147, -4.021591148992059, 5.342610901056268
147, -4.022004646685223, 5.343020998274983
147, -4.021040958822121, 5.349035739765382
147, -4.020521759385334, 5.349848253169705
147, -4.017427476665491, 5.349995295530359
147, -4.0151467613035825, 5.348131690863834
147, -4.019427981379343, 5.342356800672753
148, -4.020457834530284, 5.310462209695306
148, -4.018241894205396, 5.311851001788323
148, -4.014911774530859, 5.311464731316409
148, -4.01404347211803, 5.309736809514879
148, -4.016168802779673, 5.304859934693067
148, -4.0178595251293, 5.305982969246469
149, -4.018241894205396, 5.311851001788323
149, -4.020457834530284, 5.310462209695306
149, -4.024940280515969, 5.310953954824536
149, -4.022359896937006, 5.317964808322096
149, -4.019725539321436, 5.317059247891744
149, -4.01813260782033, 5.312482730404438
150, -4.036478033896242, 5.285743084999625
150, -4.034057019873899, 5.296432255213797
150, -4.0178595251293, 5.305982969246469
150, -4.016168802779673, 5.304859934693067
150, -4.0156649779204105, 5.304142330937099
150, -4.019951833636033, 5.292840620414094
150, -4.0295050534348595, 5.285795302019209
151, -4.016190961535186, 5.416722225241186
151, -4.017846029025918, 5.415523653489727
151, -4.021276022503619, 5.422000022753543
151, -4.0167582985898225, 5.422530676038656
152, -4.017846029025918, 5.415523653489727
152, -4.016190961535186, 5.416722225241186
152, -4.0117523968406745, 5.417404235181855
152, -4.009651094408445, 5.414931386150607
152, -4.009057010325044, 5.412011115688691
152, -4.019947422675482, 5.409026336007461
152, -4.019595500853944, 5.413123480883905
153, -4.021054981396032, 5.3727523866937155
153, -4.019423263049675, 5.3789373191021514
153, -4.008259013717222, 5.382651495436488
153, -4.007637932281368, 5.381790973514421
153, -4.007851192748092, 5.375575954198474
153, -4.011006335254563, 5.370035216138329
153, -4.017531910584212, 5.369770665787127
154, -4.0217016959578205, 5.327059956063269
154, -4.021579564315353, 5.327243153526971
154, -4.019263234223742, 5.326996078317198
154, -4.018644180674286, 5.3256974116319284
154, -4.018835180162568, 5.324826678670645
154, -4.020009034540657, 5.324734683813428
155, -4.021579564315353, 5.327243153526971
155, -4.021332643161381, 5.329101235210601
155, -4.01830067620207, 5.329933539866098
155, -4.019263234223742, 5.326996078317198
156, -4.017724726793703, 5.355411361320246
156, -4.018299885496183, 5.356513011450382
156, -4.018362528458712, 5.35814799277239
156, -4.015450248176101, 5.361404017612949
156, -4.007406300688665, 5.36022076487863
156, -4.008834838808882, 5.355890207745657
157, -4.01830067620207, 5.329933539866098
157, -4.015698773602868, 5.331799189806734
157, -4.013392246366436, 5.329537888594545
157, -4.018644180674286, 5.3256974116319284
157, -4.019263234223742, 5.326996078317198
158, -4.022359896937006, 5.317964808322096
158, -4.022578512918738, 5.319053203602576
158, -4.017706506452463, 5.3199129694495655
158, -4.0165979640940215, 5.319204958819174
158, -4.017030943549928, 5.317618679539807
158, -4.019725539321436, 5.317059247891744
159, -4.01676537600683, 5.334727775264467
159, -4.0158854641432375, 5.337521833859012
159, -4.0103184573503, 5.339542644287362
159, -4.009200979570001, 5.338915607861165
159, -4.005926128810088, 5.335055150107725
159, -4.0059247364981285, 5.334985070405799
159, -4.013102236643603, 5.329344438173022
159, -4.013392246366436, 5.329537888594545
159, -4.015698773602868, 5.331799189806734
160, -4.018835180162568, 5.324826678670645
160, -4.018644180674286, 5.3256974116319284
160, -4.013392246366436, 5.329537888594545
160, -4.013102236643603, 5.329344438173022
160, -4.012455385950987, 5.327964490028773
160, -4.0167875085547715, 5.323792077014068
160, -4.017844167548562, 5.3237014253041455
161, -4.018254159919734, 5.353759656777358
161, -4.017724726793703, 5.355411361320246
161, -4.008834838808882, 5.355890207745657
161, -4.008861504795711, 5.353925813382675
161, -4.014906989117746, 5.348159198189169
161, -4.0151467613035825, 5.348131690863834
161, -4.017427476665491, 5.349995295530359
162, -4.01813260782033, 5.312482730404438
162, -4.019725539321436, 5.317059247891744
162, -4.017030943549928, 5.317618679539807
162, -4.016291825370418, 5.316202380458398
163, -4.045022779076568, 4.9223
163, -4.101030925260048, 4.9223
163, -4.05290073326878, 5.199922077804452
163, -4.023482794970986, 5.2443300483559
163, -4.001299453919318, 5.261583758062753
163, -3.994280318369349, 5.256379735293269
163, -3.9882849004750063, 5.207559903867897
163, -3.990078660399163, 5.189372122321118
164, -4.017706506452463, 5.3199129694495655
164, -4.018627789295138, 5.322115576705617
164, -4.018152685735125, 5.322899783786601
164, -4.015874724450645, 5.320673594349494
164, -4.016101821930164, 5.319499543228965
164, -4.0165979640940215, 5.319204958819174
165, -4.019427981379343, 5.342356800672753
165, -4.0151467613035825, 5.348131690863834
165, -4.014906989117746, 5.348159198189169
165, -4.010342727255619, 5.343386997290043
165, -4.0103184573503, 5.339542644287362
165, -4.0158854641432375, 5.337521833859012
166, -4.018535795174816, 5.36458864180887
166, -4.017531910584212, 5.369770665787127
166, -4.011006335254563, 5.370035216138329
166, -4.00717713587587, 5.360472086762159
166, -4.007185817779933, 5.360451286638181
166, -4.007406300688665, 5.36022076487863
166, -4.015450248176101, 5.361404017612949
167, -4.0167582985898225, 5.422530676038656
167, -4.014839260969686, 5.4258134253742005
167, -4.00996897756488, 5.42173112154561
167, -4.0117523968406745, 5.417404235181855
167, -4.016190961535186, 5.416722225241186
168, -4.018241894205396, 5.311851001788323
168, -4.01813260782033, 5.312482730404438
168, -4.016291825370418, 5.316202380458398
168, -4.010619114412228, 5.315326962100651
168, -4.014911774530859, 5.311464731316409
169, -4.017030943549928, 5.317618679539807
169, -4.0165979640940215, 5.319204958819174
169, -4.016101821930164, 5.319499543228965
169, -4.013368334471573, 5.319119662796654
169, -4.010591498821, 5.315338199613965
169, -4.010619114412228, 5.315326962100651
169, -4.016291825370418, 5.316202380458398
170, -4.018918046980739, 5.441060635270382
170, -4.019814599046743, 5.4418507003093906
170, -4.018865708451996, 5.454601417676304
170, -4.013403826499017, 5.447447472065911
170, -4.017426439951238, 5.441737956198243
171, -4.014839260969686, 5.4258134253742005
171, -4.01526448981238, 5.427402718173772
171, -4.013830110652069, 5.429477769400261
171, -4.013257751222861, 5.4299122831030635
171, -4.005695855463786, 5.430094497458703
171, -4.003891073815426, 5.4294293812404675
171, -4.0052835716725586, 5.423423876078841
171, -4.00996897756488, 5.42173112154561
172, -4.017426439951238, 5.441737956198243
172, -4.0127672370658125, 5.440979034491132
172, -4.014578150960262, 5.436149930772672
172, -4.018950364219016, 5.438230183817889
172, -4.018918046980739, 5.441060635270382
173, -4.0127672370658125, 5.440979034491132
173, -4.017426439951238, 5.441737956198243
173, -4.013403826499017, 5.447447472065911
173, -4.002745844300973, 5.445526473939427
173, -4.008886748022093, 5.440414455142559
174, -4.018152685735125, 5.322899783786601
174, -4.017844167548562, 5.3237014253041455
174, -4.0167875085547715, 5.323792077014068
174, -4.015282349873132, 5.322084300817592
174, -4.015874724450645, 5.320673594349494
175, -4.021161013607011, 5.4057680568527715
175, -4.019947422675482, 5.409026336007461
175, -4.009057010325044, 5.412011115688691
175, -4.007898997094316, 5.410672874996293
175, -4.009958584553546, 5.404768724279835
175, -4.010174913157694, 5.404581612469926
175, -4.017984373519396, 5.403577782053062
176, -4.014911774530859, 5.311464731316409
176, -4.010619114412228, 5.315326962100651
176, -4.010591498821, 5.315338199613965
176, -4.008966628629533, 5.315246487025949
176, -4.008355653022307, 5.311468621187931
176, -4.010575241959977, 5.308169436270375
176, -4.01404347211803, 5.309736809514879
177, -4.0156649779204105, 5.304142330937099
177, -4.016168802779673, 5.304859934693067
177, -4.01404347211803, 5.309736809514879
177, -4.010575241959977, 5.308169436270375
177, -4.010529356107578, 5.3066959905655695
177, -4.012265038372549, 5.304227580158801
178, -4.015282349873132, 5.322084300817592
178, -4.0167875085547715, 5.323792077014068
178, -4.012455385950987, 5.327964490028773
178, -4.0111340138763865, 5.326507332786997
178, -4.013400405278039, 5.323475268614516
178, -4.01490882873124, 5.32216402469768
179, -4.008861504795711, 5.353925813382675
179, -4.008834838808882, 5.355890207745657
179, -4.007406300688665, 5.36022076487863
179, -4.007185817779933, 5.360451286638181
179, -3.9977060049679993, 5.3539122250068285
179, -3.9974838705231504, 5.352741797317887
179, -4.004218515940845, 5.34805797712562
179, -4.004242417336908, 5.348067649831359
180, -4.016101821930164, 5.319499543228965
180, -4.015874724450645, 5.320673594349494
180, -4.015282349873132, 5.322084300817592
180, -4.01490882873124, 5.32216402469768
180, -4.013195417690418, 5.32081042997543
180, -4.012964281437126, 5.320493443113772
180, -4.013368334471573, 5.319119662796654
181, -4.012964281437126, 5.320493443113772
181, -4.013195417690418, 5.32081042997543
181, -4.013400405278039, 5.323475268614516
181, -4.0111340138763865, 5.326507332786997
181, -4.010783620335501, 5.326279138993495
181, -4.012626176470588, 5.3207514705882355
182, -4.010342727255619, 5.343386997290043
182, -4.014906989117746, 5.348159198189169
182, -4.008861504795711, 5.353925813382675
182, -4.004242417336908, 5.348067649831359
183, -4.014193826782749, 5.3932080029697005
183, -4.017984373519396, 5.403577782053062
183, -4.010174913157694, 5.404581612469926
183, -4.007396044684966, 5.398523178502359
183, -4.007607972900947, 5.398021663443307
184, -4.012455385950987, 5.327964490028773
184, -4.013102236643603, 5.329344438173022
184, -4.0059247364981285, 5.334985070405799
184, -4.004301404304081, 5.332472434488056
184, -4.004301793079545, 5.332204568193634
184, -4.009847102303016, 5.325851333123035
184, -4.010783620335501, 5.326279138993495
184, -4.0111340138763865, 5.326507332786997
185, -4.013257751222861, 5.4299122831030635
185, -4.013091364348801, 5.435412837410211
185, -4.010017421030316, 5.437474705321179
185, -4.005695855463786, 5.430094497458703
186, -4.01490882873124, 5.32216402469768
186, -4.013400405278039, 5.323475268614516
186, -4.013195417690418, 5.32081042997543
187, -4.013091364348801, 5.435412837410211
187, -4.014578150960262, 5.436149930772672
187, -4.0127672370658125, 5.440979034491132
187, -4.008886748022093, 5.440414455142559
187, -4.010017421030316, 5.437474705321179
188, -4.014382965399171, 5.391754839610741
188, -4.014193826782749, 5.3932080029697005
188, -4.007607972900947, 5.398021663443307
188, -4.001769995750634, 5.391482223922222
188, -4.008396502825601, 5.384359797608095
189, -4.012964281437126, 5.320493443113772
189, -4.012626176470588, 5.3207514705882355
189, -4.006047867647059, 5.321205147058823
189, -4.004193235294118, 5.319262198879552
189, -4.008966628629533, 5.315246487025949
189, -4.010591498821, 5.315338199613965
189, -4.013368334471573, 5.319119662796654
190, -4.019951833636033, 5.292840620414094
190, -4.0156649779204105, 5.304142330937099
190, -4.012265038372549, 5.304227580158801
190, -4.008155874496823, 5.298756658487049
190, -4.008177674383551, 5.298327653168984
190, -4.009451203885058, 5.296100109574713
191, -4.008155874496823, 5.298756658487049
191, -4.012265038372549, 5.304227580158801
191, -4.010529356107578, 5.3066959905655695
191, -4.005765482777933, 5.305302016267406
191, -4.006546641375955, 5.301127946587068
192, -4.0295050534348595, 5.285795302019209
192, -4.019951833636033, 5.292840620414094
192, -4.009451203885058, 5.296100109574713
192, -4.004330212383933, 5.289634110578156
192, -4.004085699255654, 5.287779886022044
192, -4.012515188846237, 5.282585658281368
192, -4.0200910896370905, 5.281660849952037
193, -4.012626176470588, 5.3207514705882355
193, -4.010783620335501, 5.326279138993495
193, -4.009847102303016, 5.325851333123035
193, -4.00924609285614, 5.325367234735709
193, -4.008355422305182, 5.324360933271119
193, -4.006047867647059, 5.321205147058823
194, -4.010017421030316, 5.437474705321179
194, -4.008886748022093, 5.440414455142559
194, -4.002745844300973, 5.445526473939427
194, -4.000009422754785, 5.446427114342154
194, -3.9996185948406677, 5.4383001927162375
194, -4.001646715902463, 5.430713993048384
194, -4.003891073815426, 5.4294293812404675
194, -4.005695855463786, 5.430094497458703
195, -4.010529356107578, 5.3066959905655695
195, -4.010575241959977, 5.308169436270375
195, -4.008355653022307, 5.311468621187931
195, -4.004795877796902, 5.308846081468732
195, -4.004768813907292, 5.306243437417946
195, -4.005765482777933, 5.305302016267406
196, -4.011006335254563, 5.370035216138329
196, -4.007851192748092, 5.375575954198474
196, -4.003006925343811, 5.371700540275049
196, -3.9994807139196538, 5.365060759189135
196, -4.00717713587587, 5.360472086762159
197, -4.001646715902463, 5.430713993048384
197, -3.9996185948406677, 5.4383001927162375
197, -3.9894505198009624, 5.432156980713081
197, -3.994242969816429, 5.426651467200505
198, -4.00924609285614, 5.325367234735709
198, -4.009847102303016, 5.325851333123035
198, -4.004301793079545, 5.332204568193634
198, -4.003465989131286, 5.32932940261162
199, -4.007637932281368, 5.381790973514421
199, -4.008259013717222, 5.382651495436488
199, -4.008396502825601, 5.384359797608095
199, -4.001769995750634, 5.391482223922222
199, -3.999276923017063, 5.392795129601856
199, -3.9940839100251564, 5.3905104134924
199, -3.9934141551623688, 5.389688764622269
199, -3.9929938068889195, 5.384820860423296
199, -3.997884418854637, 5.38038853873549
199, -3.998414027591581, 5.38016541876715
200, -4.0117523968406745, 5.417404235181855
200, -4.00996897756488, 5.42173112154561
200, -4.0052835716725586, 5.423423876078841
200, -4.002082041540654, 5.419168321061961
200, -4.002168249223431, 5.418261779218867
200, -4.009651094408445, 5.414931386150607
201, -4.009057010325044, 5.412011115688691
201, -4.009651094408445, 5.414931386150607
201, -4.002168249223431, 5.418261779218867
201, -4.001325357849316, 5.415535349812596
201, -4.004611563350923, 5.410668681841009
201, -4.007898997094316, 5.410672874996293
202, -4.0103184573503, 5.339542644287362
202, -4.010342727255619, 5.343386997290043
202, -4.004242417336908, 5.348067649831359
202, -4.004218515940845, 5.34805797712562
202, -4.002482416736966, 5.345463961194533
202, -4.002134279011323, 5.343834830511553
202, -4.009200979570001, 5.338915607861165
203, -4.009451203885058, 5.296100109574713
203, -4.008177674383551, 5.298327653168984
203, -4.0033223796076705, 5.297755319796582
203, -4.00045438955414, 5.29427462277707
203, -4.004330212383933, 5.289634110578156
204, -4.013640669626596, 5.271980890795348
204, -4.0200910896370905, 5.281660849952037
204, -4.012515188846237, 5.282585658281368
204, -4.004179803105005, 5.27730308886188
204, -4.006376883941888, 5.270732189692317
205, -4.017081429419738, 5.25627522169172
205, -4.013640669626596, 5.271980890795348
205, -4.006376883941888, 5.270732189692317
205, -4.004214001741812, 5.268358294594671
205, -4.003861420694807, 5.266876172084353
206, -4.004214001741812, 5.268358294594671
206, -4.006376883941888, 5.270732189692317
206, -4.004179803105005, 5.27730308886188
206, -3.995597348048512, 5.280556205720292
206, -3.9924895379386007, 5.278025623053112
206, -3.992109150926377, 5.277404252223485
207, -4.004193235294118, 5.319262198879552
207, -4.006047867647059, 5.321205147058823
207, -4.008355422305182, 5.324360933271119
207, -4.002905765907304, 5.328448175569519
207, -4.001122186723023, 5.3264271376181
207, -4.003650075757576, 5.3192647853535355
208, -4.008355653022307, 5.311468621187931
208, -4.008966628629533, 5.315246487025949
208, -4.004193235294118, 5.319262198879552
208, -4.003650075757576, 5.3192647853535355
208, -4.003047784807099, 5.318954911023942
208, -3.9999769522563766, 5.312058698495749
208, -4.004795877796902, 5.308846081468732
209, -4.010174913157694, 5.404581612469926
209, -4.009958584553546, 5.404768724279835
209, -4.003386433212893, 5.404168718955742
209, -4.002330186937315, 5.40056331965754
209, -4.007396044684966, 5.398523178502359
210, -4.008355422305182, 5.324360933271119
210, -4.00924609285614, 5.325367234735709
210, -4.003465989131286, 5.32932940261162
210, -4.002905765907304, 5.328448175569519
211, -4.012515188846237, 5.282585658281368
211, -4.004085699255654, 5.287779886022044
211, -3.9970212098202453, 5.2837582339036935
211, -3.995597348048512, 5.280556205720292
211, -4.004179803105005, 5.27730308886188
212, -4.009958584553546, 5.404768724279835
212, -4.007898997094316, 5.410672874996293
212, -4.004611563350923, 5.410668681841009
212, -4.00188464576825, 5.407553963338001
212, -4.001830406280463, 5.407195511070881
212, -4.003386433212893, 5.404168718955742
213, -4.005926128810088, 5.335055150107725
213, -4.009200979570001, 5.338915607861165
213, -4.002134279011323, 5.343834830511553
213, -4.000328429221276, 5.341305084038425
213, -4.000837708341921, 5.338520777021179
214, -4.007607972900947, 5.398021663443307
214, -4.007396044684966, 5.398523178502359
214, -4.002330186937315, 5.40056331965754
214, -4.000294563958322, 5.399376607271518
214, -3.9991219808479883, 5.396410446880269
214, -3.999276923017063, 5.392795129601856
214, -4.001769995750634, 5.391482223922222
215, -4.0052835716725586, 5.423423876078841
215, -4.003891073815426, 5.4294293812404675
215, -4.001646715902463, 5.430713993048384
215, -3.994242969816429, 5.426651467200505
215, -3.9932061174337474, 5.422852966725538
215, -3.993380632137767, 5.422370649710987
215, -4.002082041540654, 5.419168321061961
216, -3.9996185948406677, 5.4383001927162375
216, -4.000009422754785, 5.446427114342154
216, -3.995291038959068, 5.452689875321876
216, -3.98290213276679, 5.435097628528842
216, -3.9894505198009624, 5.432156980713081
217, -4.007851192748092, 5.375575954198474
217, -4.007637932281368, 5.381790973514421
217, -3.998414027591581, 5.38016541876715
217, -3.997233131315645, 5.374337952361989
217, -4.003006925343811, 5.371700540275049
218, -4.004301793079545, 5.332204568193634
218, -4.004301404304081, 5.332472434488056
218, -3.998776320359994, 5.332196779540737
218, -3.996814688223587, 5.331087864687797
218, -3.998191496138269, 5.327788924939285
218, -4.001122186723023, 5.3264271376181
218, -4.002905765907304, 5.328448175569519
218, -4.003465989131286, 5.32932940261162
219, -4.0059247364981285, 5.334985070405799
219, -4.005926128810088, 5.335055150107725
219, -4.000837708341921, 5.338520777021179
219, -3.9998345575968974, 5.337630420737916
219, -3.998776320359994, 5.332196779540737
219, -4.004301404304081, 5.332472434488056
220, -4.002168249223431, 5.418261779218867
220, -4.002082041540654, 5.419168321061961
220, -3.993380632137767, 5.422370649710987
220, -3.9912430048964866, 5.413321047160896
220, -3.99369561417337, 5.412196841078812
220, -3.9956646795657034, 5.412370644482656
220, -4.001325357849316, 5.415535349812596
221, -4.002330186937315, 5.40056331965754
221, -4.003386433212893, 5.404168718955742
221, -4.001830406280463, 5.407195511070881
221, -3.995890722646585, 5.404393498152689
221, -3.995847122990677, 5.4042544457521595
221, -4.000294563958322, 5.399376607271518
222, -4.004330212383933, 5.289634110578156
222, -4.00045438955414, 5.29427462277707
222, -3.9980869887214854, 5.294980830483082
222, -3.995585087346698, 5.293897690253753
222, -3.993940605811985, 5.29142919969197
222, -3.9970212098202453, 5.2837582339036935
222, -4.004085699255654, 5.287779886022044
223, -4.006546641375955, 5.301127946587068
223, -4.005765482777933, 5.305302016267406
223, -4.004768813907292, 5.306243437417946
223, -3.999696010100415, 5.304567303118518
223, -3.9997105493837797, 5.302412581323853
224, -4.007185817779933, 5.360451286638181
224, -4.00717713587587, 5.360472086762159
224, -3.9994807139196538, 5.365060759189135
224, -3.996216861558499, 5.365299994440738
224, -3.9935918337014518, 5.3603317508623896
224, -3.9977060049679993, 5.3539122250068285
225, -4.004768813907292, 5.306243437417946
225, -4.004795877796902, 5.308846081468732
225, -3.9999769522563766, 5.312058698495749
225, -3.9997196293168584, 5.311884207742566
225, -3.9977414701616247, 5.307063360616107
225, -3.999696010100415, 5.304567303118518
226, -4.008177674383551, 5.298327653168984
226, -4.008155874496823, 5.298756658487049
226, -4.006546641375955, 5.301127946587068
226, -3.9997105493837797, 5.302412581323853
226, -3.9990327033903545, 5.300827856049123
226, -4.0033223796076705, 5.297755319796582
227, -4.00188464576825, 5.407553963338001
227, -4.004611563350923, 5.410668681841009
227, -4.001325357849316, 5.415535349812596
227, -3.9956646795657034, 5.412370644482656
228, -4.003861420694807, 5.266876172084353
228, -4.004214001741812, 5.268358294594671
228, -3.992109150926377, 5.277404252223485
228, -3.9909366096786503, 5.276339779293521
228, -3.989087559898358, 5.268361385657145
228, -3.9898262780203364, 5.2674383719538
228, -4.003149416764251, 5.266229619446792
229, -4.002482416736966, 5.345463961194533
229, -4.004218515940845, 5.34805797712562
229, -3.9974838705231504, 5.352741797317887
229, -3.9918533897049815, 5.348212572306801
229, -3.99176885382977, 5.348005617259603
230, -3.998911644225395, 5.300728429449723
230, -3.9990327033903545, 5.300827856049123
230, -3.9997105493837797, 5.302412581323853
230, -3.999696010100415, 5.304567303118518
230, -3.9977414701616247, 5.307063360616107
230, -3.9957467274256873, 5.306878056646102
230, -3.99191836170525, 5.303634109586528
230, -3.993129329396879, 5.300526720792915
231, -3.9990327033903545, 5.300827856049123
231, -3.998911644225395, 5.300728429449723
231, -3.9980869887214854, 5.294980830483082
231, -4.00045438955414, 5.29427462277707
231, -4.0033223796076705, 5.297755319796582
232, -3.9837941690408334, 4.9223
232, -4.045022779076568, 4.9223
232, -3.990078660399163, 5.189372122321118
232, -3.9581589084405757, 5.249811889343289
232, -3.9506043887822875, 5.25677693929518
232, -3.9366371891900416, 5.231280836813701
232, -3.9507702890227843, 5.121009403765756
233, -4.003650075757576, 5.3192647853535355
233, -4.001122186723023, 5.3264271376181
233, -3.998191496138269, 5.327788924939285
233, -3.9919335910320015, 5.320786510222304
233, -4.003047784807099, 5.318954911023942
234, -3.9994807139196538, 5.365060759189135
234, -4.003006925343811, 5.371700540275049
234, -3.997233131315645, 5.374337952361989
234, -3.994808184656106, 5.3707100794067735
234, -3.9944583881735163, 5.367513899781544
234, -3.996216861558499, 5.365299994440738
235, -3.9997196293168584, 5.311884207742566
235, -3.9999769522563766, 5.312058698495749
235, -4.003047784807099, 5.318954911023942
235, -3.9919335910320015, 5.320786510222304
235, -3.9918037949556924, 5.320764823596088
235, -3.9946019854402253, 5.3133943321651795
236, -3.9998345575968974, 5.337630420737916
236, -4.000837708341921, 5.338520777021179
236, -4.000328429221276, 5.341305084038425
236, -3.9934535139214464, 5.342437557606949
236, -3.9914339811293225, 5.336573278537037
236, -3.9929483150566787, 5.335673674223755
237, -4.002134279011323, 5.343834830511553
237, -4.002482416736966, 5.345463961194533
237, -3.99176885382977, 5.348005617259603
237, -3.9916692201103836, 5.3478710200509605
237, -3.9934535139214464, 5.342437557606949
237, -4.000328429221276, 5.341305084038425
238, -4.00188464576825, 5.407553963338001
238, -3.9956646795657034, 5.412370644482656
238, -3.99369561417337, 5.412196841078812
238, -3.995890722646585, 5.404393498152689
238, -4.001830406280463, 5.407195511070881
239, -3.996814688223587, 5.331087864687797
239, -3.998776320359994, 5.332196779540737
239, -3.9998345575968974, 5.337630420737916
239, -3.9929483150566787, 5.335673674223755
239, -3.9962360292534975, 5.331329726054202
240, -3.995597348048512, 5.280556205720292
240, -3.9970212098202453, 5.2837582339036935
240, -3.993940605811985, 5.29142919969197
240, -3.990054274791738, 5.292289133572978
240, -3.987821256758732, 5.290391068244922
240, -3.9864680340207412, 5.2875931237226
240, -3.9924895379386007, 5.278025623053112
241, -3.997233131315645, 5.374337952361989
241, -3.998414027591581, 5.38016541876715
241, -3.997884418854637, 5.38038853873549
241, -3.990710324907818, 5.376027015711004
241, -3.994808184656106, 5.3707100794067735
242, -3.9991219808479883, 5.396410446880269
242, -4.000294563958322, 5.399376607271518
242, -3.995847122990677, 5.4042544457521595
242, -3.9898744788641305, 5.400690282509164
243, -3.9974838705231504, 5.352741797317887
243, -3.9977060049679993, 5.3539122250068285
243, -3.9935918337014518, 5.3603317508623896
243, -3.991669698902403, 5.3594079516463955
243, -3.9888109124237148, 5.357939279978731
243, -3.9918533897049815, 5.348212572306801
244, -3.996814688223587, 5.331087864687797
244, -3.9962360292534975, 5.331329726054202
244, -3.9862075581072567, 5.323239272338063
244, -3.98578586132501, 5.32210022762294
244, -3.9918037949556924, 5.320764823596088
244, -3.9919335910320015, 5.320786510222304
244, -3.998191496138269, 5.327788924939285
245, -4.001299453919318, 5.261583758062753
245, -4.003149416764251, 5.266229619446792
245, -3.9898262780203364, 5.2674383719538
245, -3.994280318369349, 5.256379735293269
246, -3.995585087346698, 5.293897690253753
246, -3.9980869887214854, 5.294980830483082
246, -3.998911644225395, 5.300728429449723
246, -3.993129329396879, 5.300526720792915
246, -3.992865390630269, 5.299792739680988
247, -3.9940839100251564, 5.3905104134924
247, -3.999276923017063, 5.392795129601856
247, -3.9991219808479883, 5.396410446880269
247, -3.9898744788641305, 5.400690282509164
247, -3.9897539197655014, 5.400665751567827
247, -3.989378637895154, 5.400218759785948
248, -3.995847122990677, 5.4042544457521595
248, -3.995890722646585, 5.404393498152689
248, -3.99369561417337, 5.412196841078812
248, -3.9912430048964866, 5.413321047160896
248, -3.9868378939922664, 5.4117859327548805
248, -3.9897539197655014, 5.400665751567827
248, -3.9898744788641305, 5.400690282509164
249, -3.9882849004750063, 5.207559903867897
249, -3.994280318369349, 5.256379735293269
249, -3.9898262780203364, 5.2674383719538
249, -3.989087559898358, 5.268361385657145
249, -3.9835696989054927, 5.266286604960049
249, -3.9772282112546042, 5.249283259416587
250, -3.9997196293168584, 5.311884207742566
250, -3.9946019854402253, 5.3133943321651795
250, -3.9923989591544253, 5.310644295951272
250, -3.9957467274256873, 5.306878056646102
250, -3.9977414701616247, 5.307063360616107
251, -3.993940605811985, 5.29142919969197
251, -3.995585087346698, 5.293897690253753
251, -3.992865390630269, 5.299792739680988
251, -3.9889346596590767, 5.297267111636149
251, -3.9885231060482758, 5.295490201113839
251, -3.990054274791738, 5.292289133572978
252, -3.992865390630269, 5.299792739680988
252, -3.993129329396879, 5.300526720792915
252, -3.99191836170525, 5.303634109586528
252, -3.987437433020155, 5.305490226489559
252, -3.9867787544932693, 5.304330817858051
252, -3.9875563965561613, 5.298931340893071
252, -3.9889346596590767, 5.297267111636149
253, -3.9944583881735163, 5.367513899781544
253, -3.994808184656106, 5.3707100794067735
253, -3.990710324907818, 5.376027015711004
253, -3.9868480940921502, 5.376932895521968
253, -3.9844265080325982, 5.375144604434212
253, -3.9839359430649393, 5.37131127946257
253, -3.985395373213653, 5.368658861182424
253, -3.98551399688958, 5.36864150466563
254, -3.99191836170525, 5.303634109586528
254, -3.9957467274256873, 5.306878056646102
254, -3.9923989591544253, 5.310644295951272
254, -3.987710341164577, 5.310219543102017
254, -3.9872882278056614, 5.305943351248653
254, -3.987437433020155, 5.305490226489559
255, -3.9962360292534975, 5.331329726054202
255, -3.9929483150566787, 5.335673674223755
255, -3.9914339811293225, 5.336573278537037
255, -3.987828267668688, 5.335375748588782
255, -3.9862075581072567, 5.323239272338063
256, -3.9932061174337474, 5.422852966725538
256, -3.994242969816429, 5.426651467200505
256, -3.9894505198009624, 5.432156980713081
256, -3.98290213276679, 5.435097628528842
256, -3.9751895380537676, 5.432016092389246
256, -3.9811660751915547, 5.423670599421079
257, -3.9934141551623688, 5.389688764622269
257, -3.9940839100251564, 5.3905104134924
257, -3.989378637895154, 5.400218759785948
257, -3.986990975678924, 5.399176785863797
257, -3.9854188008513227, 5.3965999847978114
257, -3.985706575140079, 5.391461158212872
258, -3.9923989591544253, 5.310644295951272
258, -3.9946019854402253, 5.3133943321651795
258, -3.9918037949556924, 5.320764823596088
258, -3.98578586132501, 5.32210022762294
258, -3.982182371075081, 5.320312102601512
258, -3.987710341164577, 5.310219543102017
259, -3.993380632137767, 5.422370649710987
259, -3.9932061174337474, 5.422852966725538
259, -3.9811660751915547, 5.423670599421079
259, -3.9821306578239826, 5.415033200394336
259, -3.9861669556132013, 5.4119083246865545
259, -3.9868378939922664, 5.4117859327548805
259, -3.9912430048964866, 5.413321047160896
260, -3.99176885382977, 5.348005617259603
260, -3.9918533897049815, 5.348212572306801
260, -3.9888109124237148, 5.357939279978731
260, -3.9856092164988666, 5.358567245459643
260, -3.982009955044955, 5.355955688311688
260, -3.9817315757538734, 5.353096732992278
260, -3.981793827318733, 5.352676012684802
260, -3.986900851158609, 5.347205567672802
260, -3.9916692201103836, 5.3478710200509605
261, -3.997884418854637, 5.38038853873549
261, -3.9929938068889195, 5.384820860423296
261, -3.9885871645890556, 5.3827224593281215
261, -3.9868480940921502, 5.376932895521968
261, -3.990710324907818, 5.376027015711004
262, -3.9934535139214464, 5.342437557606949
262, -3.9916692201103836, 5.3478710200509605
262, -3.986900851158609, 5.347205567672802
262, -3.983628495812108, 5.343169109047422
262, -3.984945646971632, 5.337161784711391
262, -3.987828267668688, 5.335375748588782
262, -3.9914339811293225, 5.336573278537037
263, -3.996216861558499, 5.365299994440738
263, -3.9944583881735163, 5.367513899781544
263, -3.98551399688958, 5.36864150466563
263, -3.991669698902403, 5.3594079516463955
263, -3.9935918337014518, 5.3603317508623896
264, -3.929819735718969, 5.76478
264, -3.6004650418450774, 5.76478
264, -3.932599334948842, 5.440534133010232
264, -3.9751895380537676, 5.432016092389246
264, -3.98290213276679, 5.435097628528842
264, -3.995291038959068, 5.452689875321876
265, -3.9929938068889195, 5.384820860423296
265, -3.9934141551623688, 5.389688764622269
265, -3.985706575140079, 5.391461158212872
265, -3.982781966871177, 5.388635769287502
265, -3.9822403537462763, 5.386816836472137
265, -3.9885871645890556, 5.3827224593281215
266, -3.98578586132501, 5.32210022762294
266, -3.9862075581072567, 5.323239272338063
266, -3.987828267668688, 5.335375748588782
266, -3.984945646971632, 5.337161784711391
266, -3.976907717398355, 5.334475613624803
266, -3.9761140615899655, 5.333341323060695
266, -3.9772458625455958, 5.321524553761244
266, -3.9797485114743227, 5.320271433996358
266, -3.982182371075081, 5.320312102601512
267, -3.992109150926377, 5.277404252223485
267, -3.9924895379386007, 5.278025623053112
267, -3.9864680340207412, 5.2875931237226
267, -3.9843389938543035, 5.287563230802947
267, -3.980614256657211, 5.284037845737529
267, -3.9804197743966423, 5.279470459315082
267, -3.9909366096786503, 5.276339779293521
268, -3.989378637895154, 5.400218759785948
268, -3.9897539197655014, 5.400665751567827
268, -3.9868378939922664, 5.4117859327548805
268, -3.9861669556132013, 5.4119083246865545
268, -3.98100450176937, 5.405105464948423
268, -3.981915512242598, 5.402410044052863
268, -3.986990975678924, 5.399176785863797
269, -3.9875563965561613, 5.298931340893071
269, -3.9867787544932693, 5.304330817858051
269, -3.9813876976993017, 5.300429873391405
269, -3.9814588449597625, 5.298892718106183
269, -3.984197785620725, 5.298750171008587
270, -3.987710341164577, 5.310219543102017
270, -3.982182371075081, 5.320312102601512
270, -3.9797485114743227, 5.320271433996358
270, -3.979089315995189, 5.317325399879734
270, -3.9797569291408728, 5.3069366880030024
270, -3.9872882278056614, 5.305943351248653
271, -3.9888109124237148, 5.357939279978731
271, -3.991669698902403, 5.3594079516463955
271, -3.98551399688958, 5.36864150466563
271, -3.985395373213653, 5.368658861182424
271, -3.984192628594949, 5.365261635154154
271, -3.9856092164988666, 5.358567245459643
272, -3.987821256758732, 5.290391068244922
272, -3.990054274791738, 5.292289133572978
272, -3.9885231060482758, 5.295490201113839
272, -3.987612377101682, 5.295457529223379
272, -3.9824460741980414, 5.294926067441426
272, -3.9823414864538393, 5.293578047627265
273, -3.9844265080325982, 5.375144604434212
273, -3.9868480940921502, 5.376932895521968
273, -3.9885871645890556, 5.3827224593281215
273, -3.9822403537462763, 5.386816836472137
273, -3.975752906625778, 5.382508766118681
273, -3.975707929964301, 5.382222326517744
274, -3.9885231060482758, 5.295490201113839
274, -3.9889346596590767, 5.297267111636149
274, -3.9875563965561613, 5.298931340893071
274, -3.984197785620725, 5.298750171008587
274, -3.987612377101682, 5.295457529223379
275, -3.987437433020155, 5.305490226489559
275, -3.9872882278056614, 5.305943351248653
275, -3.9797569291408728, 5.3069366880030024
275, -3.978706996641533, 5.305308734154291
275, -3.9789601680529763, 5.302937818098478
275, -3.9813876976993017, 5.300429873391405
275, -3.9867787544932693, 5.304330817858051
276, -3.9861669556132013, 5.4119083246865545
276, -3.9821306578239826, 5.415033200394336
276, -3.97696661141825, 5.41317999591295
276, -3.9766864546577447, 5.40564689190824
276, -3.98100450176937, 5.405105464948423
277, -3.985706575140079, 5.391461158212872
277, -3.9854188008513227, 5.3965999847978114
277, -3.9782599318241063, 5.3960535062461155
277, -3.9777542330823716, 5.3945888528533885
277, -3.982781966871177, 5.388635769287502
278, -3.984192628594949, 5.365261635154154
278, -3.985395373213653, 5.368658861182424
278, -3.9839359430649393, 5.37131127946257
278, -3.9747944430551314, 5.3699472336495875
278, -3.9742988546349816, 5.369213474095482
278, -3.9785242915074233, 5.363737652842421
279, -3.990078660399163, 5.189372122321118
279, -3.9882849004750063, 5.207559903867897
279, -3.9772282112546042, 5.249283259416587
279, -3.9718506888848393, 5.256742028281893
279, -3.9687614632856314, 5.257632471040458
279, -3.9629703398058247, 5.255979563106796
279, -3.9581589084405757, 5.249811889343289
280, -3.987612377101682, 5.295457529223379
280, -3.984197785620725, 5.298750171008587
280, -3.9814588449597625, 5.298892718106183
280, -3.9810435976099385, 5.297442048793161
280, -3.9824460741980414, 5.294926067441426
281, -3.9864680340207412, 5.2875931237226
281, -3.987821256758732, 5.290391068244922
281, -3.9823414864538393, 5.293578047627265
281, -3.981115965062541, 5.291248302183738
281, -3.9843389938543035, 5.287563230802947
282, -3.9823414864538393, 5.293578047627265
282, -3.9824460741980414, 5.294926067441426
282, -3.9810435976099385, 5.297442048793161
282, -3.9748313589503277, 5.295834175257732
282, -3.9780064885791715, 5.2900131042715195
282, -3.981115965062541, 5.291248302183738
283, -3.986990975678924, 5.399176785863797
283, -3.981915512242598, 5.402410044052863
283, -3.977497656811826, 5.398280309628446
283, -3.9782599318241063, 5.3960535062461155
283, -3.9854188008513227, 5.3965999847978114
284, -3.9909366096786503, 5.276339779293521
284, -3.9804197743966423, 5.279470459315082
284, -3.9790417539400105, 5.278944306049822
284, -3.9765330730288455, 5.274468032267155
284, -3.9767231960141234, 5.269019820470271
284, -3.9835696989054927, 5.266286604960049
284, -3.989087559898358, 5.268361385657145
285, -3.982009955044955, 5.355955688311688
285, -3.9856092164988666, 5.358567245459643
285, -3.984192628594949, 5.365261635154154
285, -3.9785242915074233, 5.363737652842421
285, -3.976451113769381, 5.35890333704071
286, -3.983628495812108, 5.343169109047422
286, -3.986900851158609, 5.347205567672802
286, -3.981793827318733, 5.352676012684802
286, -3.978188123262069, 5.348602035374026
286, -3.981495480081626, 5.343532815575825
287, -3.9810435976099385, 5.297442048793161
287, -3.9814588449597625, 5.298892718106183
287, -3.9813876976993017, 5.300429873391405
287, -3.9789601680529763, 5.302937818098478
287, -3.975787595553096, 5.301432979308803
287, -3.9727974168414746, 5.297570221756068
287, -3.9732255620822365, 5.296428501114036
287, -3.973362106444222, 5.296337416235871
287, -3.9748313589503277, 5.295834175257732
288, -3.9797569291408728, 5.3069366880030024
288, -3.979089315995189, 5.317325399879734
288, -3.9724900434742954, 5.306915279846775
288, -3.972578135245901, 5.306806900273225
288, -3.978706996641533, 5.305308734154291
289, -3.980614256657211, 5.284037845737529
289, -3.9843389938543035, 5.287563230802947
289, -3.981115965062541, 5.291248302183738
289, -3.9780064885791715, 5.2900131042715195
289, -3.9772819003266946, 5.288581027194351
290, -3.9822403537462763, 5.386816836472137
290, -3.982781966871177, 5.388635769287502
290, -3.9777542330823716, 5.3945888528533885
290, -3.9735094966611437, 5.391768524627203
290, -3.9727291636399595, 5.38736279347033
290, -3.975752906625778, 5.382508766118681
291, -3.984945646971632, 5.337161784711391
291, -3.983628495812108, 5.343169109047422
291, -3.981495480081626, 5.343532815575825
291, -3.9759520797538506, 5.341622986840991
291, -3.976907717398355, 5.334475613624803
292, -3.9844265080325982, 5.375144604434212
292, -3.975707929964301, 5.382222326517744
292, -3.97307596218738, 5.379375337588416
292, -3.9747944430551314, 5.3699472336495875
292, -3.9839359430649393, 5.37131127946257
293, -3.9821306578239826, 5.415033200394336
293, -3.9811660751915547, 5.423670599421079
293, -3.9751895380537676, 5.432016092389246
293, -3.932599334948842, 5.440534133010232
293, -3.9454151923350906, 5.417971762233601
293, -3.97696661141825, 5.41317999591295
294, -3.9772819003266946, 5.288581027194351
294, -3.9780064885791715, 5.2900131042715195
294, -3.9748313589503277, 5.295834175257732
294, -3.973362106444222, 5.296337416235871
294, -3.9729389526278567, 5.28706329509385
295, -3.9804197743966423, 5.279470459315082
295, -3.980614256657211, 5.284037845737529
295, -3.9772819003266946, 5.288581027194351
295, -3.9729389526278567, 5.28706329509385
295, -3.971236244051943, 5.285813461458632
295, -3.971218329439937, 5.285746543303134
295, -3.9728781310156998, 5.282291790913887
295, -3.9790417539400105, 5.278944306049822
296, -3.9490985655997175, 5.408195393622139
296, -3.942565123094959, 5.386299753810082
296, -3.945359952606635, 5.38071009478673
296, -3.96205091204124, 5.381787984534952
296, -3.9620317776003726, 5.388963399860293
296, -3.950035229196867, 5.407517067888075
297, -3.6004650418450774, 5.76478
297, -3.5387899999999997, 5.76478
297, -3.5387899999999997, 5.489067888127854
297, -3.6495233263097435, 5.433630998358123
297, -3.917092664602878, 5.377321871307909
297, -3.942565123094959, 5.386299753810082
297, -3.9490985655997175, 5.408195393622139
297, -3.9454151923350906, 5.417971762233601
297, -3.932599334948842, 5.440534133010232
298, -3.977497656811826, 5.398280309628446
298, -3.981915512242598, 5.402410044052863
298, -3.98100450176937, 5.405105464948423
298, -3.9766864546577447, 5.40564689190824
298, -3.9717718852009325, 5.402664103518036
299, -3.981793827318733, 5.352676012684802
299, -3.9817315757538734, 5.353096732992278
299, -3.972123687581368, 5.352325015066777
299, -3.9735787483480696, 5.347778657885215
299, -3.978188123262069, 5.348602035374026
300, -3.9817315757538734, 5.353096732992278
300, -3.982009955044955, 5.355955688311688
300, -3.976451113769381, 5.35890333704071
300, -3.9736320242506324, 5.358567799427592
300, -3.972113310470325, 5.352341072928331
300, -3.972123687581368, 5.352325015066777
301, -3.981495480081626, 5.343532815575825
301, -3.978188123262069, 5.348602035374026
301, -3.9735787483480696, 5.347778657885215
301, -3.9723382803864395, 5.3444779975194745
301, -3.9759520797538506, 5.341622986840991
302, -3.9777542330823716, 5.3945888528533885
302, -3.9782599318241063, 5.3960535062461155
302, -3.977497656811826, 5.398280309628446
302, -3.9717718852009325, 5.402664103518036
302, -3.964070428024984, 5.402900115915363
302, -3.9735094966611437, 5.391768524627203
303, -3.9717718852009325, 5.402664103518036
303, -3.9766864546577447, 5.40564689190824
303, -3.97696661141825, 5.41317999591295
303, -3.9454151923350906, 5.417971762233601
303, -3.9490985655997175, 5.408195393622139
303, -3.950035229196867, 5.407517067888075
303, -3.964070428024984, 5.402900115915363
304, -3.976451113769381, 5.35890333704071
304, -3.9785242915074233, 5.363737652842421
304, -3.9742988546349816, 5.369213474095482
304, -3.9742173222534567, 5.369165734740511
304, -3.97221835806289, 5.359747934378773
304, -3.9736320242506324, 5.358567799427592
305, -3.975707929964301, 5.382222326517744
305, -3.975752906625778, 5.382508766118681
305, -3.9727291636399595, 5.38736279347033
305, -3.9620317776003726, 5.388963399860293
305, -3.96205091204124, 5.381787984534952
305, -3.964038430450727, 5.377565474606627
305, -3.964618788073464, 5.3775136954878695
305, -3.97307596218738, 5.379375337588416
306, -3.979089315995189, 5.317325399879734
306, -3.9797485114743227, 5.320271433996358
306, -3.9772458625455958, 5.321524553761244
306, -3.967526449482266, 5.320613204842482
306, -3.964689226293518, 5.318186293437841
306, -3.964797584881821, 5.311702837904368
306, -3.967859144604845, 5.307872371910936
306, -3.9724900434742954, 5.306915279846775
307, -3.9761140615899655, 5.333341323060695
307, -3.976907717398355, 5.334475613624803
307, -3.9759520797538506, 5.341622986840991
307, -3.9723382803864395, 5.3444779975194745
307, -3.9675665688914594, 5.342638702351588
307, -3.9661371071359057, 5.3400321755530955
307, -3.9668201008042963, 5.336269557280838
308, -3.9718506888848393, 5.256742028281893
308, -3.9772282112546042, 5.249283259416587
308, -3.9835696989054927, 5.266286604960049
308, -3.9767231960141234, 5.269019820470271
308, -3.972206196229566, 5.266676483526202
309, -3.9789601680529763, 5.302937818098478
309, -3.978706996641533, 5.305308734154291
309, -3.972578135245901, 5.306806900273225
309, -3.972694470560008, 5.305516870901238
309, -3.975787595553096, 5.301432979308803
310, -3.9765330730288455, 5.274468032267155
310, -3.9790417539400105, 5.278944306049822
310, -3.9728781310156998, 5.282291790913887
310, -3.9685831038846886, 5.27605478781935
311, -3.9742173222534567, 5.369165734740511
311, -3.9742988546349816, 5.369213474095482
311, -3.9747944430551314, 5.3699472336495875
311, -3.97307596218738, 5.379375337588416
311, -3.964618788073464, 5.3775136954878695
311, -3.9701680561078714, 5.368783166037185
312, -3.972113310470325, 5.352341072928331
312, -3.9736320242506324, 5.358567799427592
312, -3.97221835806289, 5.359747934378773
312, -3.9689976922233523, 5.360489773139565
312, -3.963267857424028, 5.355376295071642
312, -3.9658398180017125, 5.3523771274827485
313, -3.972578135245901, 5.306806900273225
313, -3.9724900434742954, 5.306915279846775
313, -3.967859144604845, 5.307872371910936
313, -3.9669087167445407, 5.302924112574752
313, -3.9711409981960704, 5.299340414514496
313, -3.972694470560008, 5.305516870901238
314, -3.975787595553096, 5.301432979308803
314, -3.972694470560008, 5.305516870901238
314, -3.9711409981960704, 5.299340414514496
314, -3.9713626051885584, 5.298859043034125
314, -3.9727974168414746, 5.297570221756068
315, -3.9729389526278567, 5.28706329509385
315, -3.973362106444222, 5.296337416235871
315, -3.9732255620822365, 5.296428501114036
315, -3.968688241145502, 5.292808196619253
315, -3.9686366536667137, 5.289848951245127
315, -3.971236244051943, 5.285813461458632
316, -3.950035229196867, 5.407517067888075
316, -3.9620317776003726, 5.388963399860293
316, -3.9727291636399595, 5.38736279347033
316, -3.9735094966611437, 5.391768524627203
316, -3.964070428024984, 5.402900115915363
317, -3.9735787483480696, 5.347778657885215
317, -3.972123687581368, 5.352325015066777
317, -3.972113310470325, 5.352341072928331
317, -3.9658398180017125, 5.3523771274827485
317, -3.965037655968307, 5.347200912097376
317, -3.9675665688914594, 5.342638702351588
317, -3.9723382803864395, 5.3444779975194745
318, -3.9767231960141234, 5.269019820470271
318, -3.9765330730288455, 5.274468032267155
318, -3.9685831038846886, 5.27605478781935
318, -3.9656081932602767, 5.274773403142336
318, -3.9671000478623446, 5.269339859123434
318, -3.972206196229566, 5.266676483526202
319, -3.97221835806289, 5.359747934378773
319, -3.9742173222534567, 5.369165734740511
319, -3.9701680561078714, 5.368783166037185
319, -3.965963825704687, 5.365595739213503
319, -3.9689976922233523, 5.360489773139565
320, -3.9732255620822365, 5.296428501114036
320, -3.9727974168414746, 5.297570221756068
320, -3.9713626051885584, 5.298859043034125
320, -3.9651353109922294, 5.29712606513851
320, -3.9645621139748144, 5.295049110513679
320, -3.968688241145502, 5.292808196619253
321, -3.967526449482266, 5.320613204842482
321, -3.9772458625455958, 5.321524553761244
321, -3.9761140615899655, 5.333341323060695
321, -3.9668201008042963, 5.336269557280838
321, -3.963611757208494, 5.330913114444473
322, -3.9671000478623446, 5.269339859123434
322, -3.9656081932602767, 5.274773403142336
322, -3.9629137540272663, 5.2766148908889585
322, -3.9427968418074415, 5.2733204282073896
322, -3.946886597691349, 5.266059502525088
322, -3.948903808888889, 5.263853177777778
322, -3.957164485125859, 5.263444233409611
322, -3.961378940495257, 5.264111647160281
323, -3.9728781310156998, 5.282291790913887
323, -3.971218329439937, 5.285746543303134
323, -3.9640448844093603, 5.2829254077574825
323, -3.9629137540272663, 5.2766148908889585
323, -3.9656081932602767, 5.274773403142336
323, -3.9685831038846886, 5.27605478781935
324, -3.971218329439937, 5.285746543303134
324, -3.971236244051943, 5.285813461458632
324, -3.9686366536667137, 5.289848951245127
324, -3.9635134114936297, 5.289353574139334
324, -3.9622185222001667, 5.285364117529992
324, -3.9640448844093603, 5.2829254077574825
325, -3.9711409981960704, 5.299340414514496
325, -3.9669087167445407, 5.302924112574752
325, -3.963861219463083, 5.300956061492793
325, -3.9651353109922294, 5.29712606513851
325, -3.9713626051885584, 5.298859043034125
326, -3.9669087167445407, 5.302924112574752
326, -3.967859144604845, 5.307872371910936
326, -3.964797584881821, 5.311702837904368
326, -3.958390323209631, 5.305397440487697
326, -3.958888128212747, 5.302177264373793
326, -3.963861219463083, 5.300956061492793
327, -3.965963825704687, 5.365595739213503
327, -3.9701680561078714, 5.368783166037185
327, -3.964618788073464, 5.3775136954878695
327, -3.964038430450727, 5.377565474606627
327, -3.9614887535506607, 5.374583181048426
327, -3.9615125929893575, 5.368665040391978
327, -3.9653704829534253, 5.36572467363216
328, -3.964038430450727, 5.377565474606627
328, -3.96205091204124, 5.381787984534952
328, -3.945359952606635, 5.38071009478673
328, -3.9456484836496273, 5.379530259927763
328, -3.9537054906845097, 5.374778927779191
328, -3.9614887535506607, 5.374583181048426
329, -3.9675665688914594, 5.342638702351588
329, -3.965037655968307, 5.347200912097376
329, -3.958388563588491, 5.347649461980142
329, -3.9568039838107336, 5.341362258345813
329, -3.9661371071359057, 5.3400321755530955
330, -3.9689976922233523, 5.360489773139565
330, -3.965963825704687, 5.365595739213503
330, -3.9653704829534253, 5.36572467363216
330, -3.960795214039303, 5.359606159250973
330, -3.9624462088794488, 5.355556877169352
330, -3.963267857424028, 5.355376295071642
331, -3.9686366536667137, 5.289848951245127
331, -3.968688241145502, 5.292808196619253
331, -3.9645621139748144, 5.295049110513679
331, -3.9616699412102094, 5.293501382277029
331, -3.9635134114936297, 5.289353574139334
332, -3.965037655968307, 5.347200912097376
332, -3.9658398180017125, 5.3523771274827485
332, -3.963267857424028, 5.355376295071642
332, -3.9624462088794488, 5.355556877169352
332, -3.956519838172299, 5.352186116135174
332, -3.958388563588491, 5.347649461980142
333, -3.972206196229566, 5.266676483526202
333, -3.9671000478623446, 5.269339859123434
333, -3.961378940495257, 5.264111647160281
333, -3.9687614632856314, 5.257632471040458
333, -3.9718506888848393, 5.256742028281893
334, -3.964689226293518, 5.318186293437841
334, -3.967526449482266, 5.320613204842482
334, -3.963611757208494, 5.330913114444473
334, -3.9539168164985314, 5.33248423131842
334, -3.9511465009429827, 5.328298127960527
334, -3.949771817995945, 5.320739817806885
334, -3.9520916845918035, 5.319127489082222
335, -3.9653704829534253, 5.36572467363216
335, -3.9615125929893575, 5.368665040391978
335, -3.9571646490543966, 5.365958977383506
335, -3.957531035988819, 5.361806592126718
335, -3.960795214039303, 5.359606159250973
336, -3.9645621139748144, 5.295049110513679
336, -3.9651353109922294, 5.29712606513851
336, -3.963861219463083, 5.300956061492793
336, -3.958888128212747, 5.302177264373793
336, -3.9579953978724696, 5.3006738095953025
336, -3.959494487306122, 5.293912815639504
336, -3.9616699412102094, 5.293501382277029
337, -3.9687614632856314, 5.257632471040458
337, -3.961378940495257, 5.264111647160281
337, -3.957164485125859, 5.263444233409611
337, -3.9629703398058247, 5.255979563106796
338, -3.9635134114936297, 5.289353574139334
338, -3.9616699412102094, 5.293501382277029
338, -3.959494487306122, 5.293912815639504
338, -3.9544766897575294, 5.290226858186305
338, -3.9540009942947925, 5.287184910885119
338, -3.9622185222001667, 5.285364117529992
339, -3.9581589084405757, 5.249811889343289
339, -3.9629703398058247, 5.255979563106796
339, -3.957164485125859, 5.263444233409611
339, -3.948903808888889, 5.263853177777778
339, -3.9506043887822875, 5.25677693929518
340, -3.9668201008042963, 5.336269557280838
340, -3.9661371071359057, 5.3400321755530955
340, -3.9568039838107336, 5.341362258345813
340, -3.95364951772302, 5.3394334920988875
340, -3.953173508700222, 5.337717418544902
340, -3.9539168164985314, 5.33248423131842
340, -3.963611757208494, 5.330913114444473
341, -3.9640448844093603, 5.2829254077574825
341, -3.9622185222001667, 5.285364117529992
341, -3.9540009942947925, 5.287184910885119
341, -3.942666975089817, 5.273431414977711
341, -3.9427968418074415, 5.2733204282073896
341, -3.9629137540272663, 5.2766148908889585
342, -3.956519838172299, 5.352186116135174
342, -3.9624462088794488, 5.355556877169352
342, -3.960795214039303, 5.359606159250973
342, -3.957531035988819, 5.361806592126718
342, -3.948865519318731, 5.355371440506737
342, -3.9491452980073123, 5.354237877087743
343, -3.964797584881821, 5.311702837904368
343, -3.964689226293518, 5.318186293437841
343, -3.9520916845918035, 5.319127489082222
343, -3.952696527119373, 5.3083994926721685
343, -3.958390323209631, 5.305397440487697
344, -3.9615125929893575, 5.368665040391978
344, -3.9614887535506607, 5.374583181048426
344, -3.9537054906845097, 5.374778927779191
344, -3.9543392727394147, 5.366935874849739
344, -3.9571646490543966, 5.365958977383506
345, -3.9498809927663343, 5.296599195434451
345, -3.9544766897575294, 5.290226858186305
345, -3.959494487306122, 5.293912815639504
345, -3.9579953978724696, 5.3006738095953025
345, -3.951501400017837, 5.298750023764683
346, -3.9544766897575294, 5.290226858186305
346, -3.9498809927663343, 5.296599195434451
346, -3.939018550655765, 5.296241542119428
346, -3.9199525640151656, 5.282452528555484
346, -3.9310228455945255, 5.277420302752808
346, -3.942666975089817, 5.273431414977711
346, -3.9540009942947925, 5.287184910885119
347, -3.958388563588491, 5.347649461980142
347, -3.956519838172299, 5.352186116135174
347, -3.9491452980073123, 5.354237877087743
347, -3.9463624290942936, 5.348612421044687
347, -3.95364951772302, 5.3394334920988875
347, -3.9568039838107336, 5.341362258345813
348, -3.9579953978724696, 5.3006738095953025
348, -3.958888128212747, 5.302177264373793
348, -3.958390323209631, 5.305397440487697
348, -3.952696527119373, 5.3083994926721685
348, -3.9499990102676037, 5.306206838947028
348, -3.951501400017837, 5.298750023764683
349, -3.9506043887822875, 5.25677693929518
349, -3.948903808888889, 5.263853177777778
349, -3.946886597691349, 5.266059502525088
349, -3.9365547925046025, 5.250162222168683
349, -3.9336317152784255, 5.238712439322044
349, -3.9366371891900416, 5.231280836813701
350, -3.9427968418074415, 5.2733204282073896
350, -3.942666975089817, 5.273431414977711
350, -3.9310228455945255, 5.277420302752808
350, -3.933845179437437, 5.257802769156175
350, -3.9340541970896097, 5.256554721725811
350, -3.9365547925046025, 5.250162222168683
350, -3.946886597691349, 5.266059502525088
351, -3.9539168164985314, 5.33248423131842
351, -3.953173508700222, 5.337717418544902
351, -3.9358081231212423, 5.337363022920842
351, -3.9511465009429827, 5.328298127960527
352, -3.957531035988819, 5.361806592126718
352, -3.9571646490543966, 5.365958977383506
352, -3.9543392727394147, 5.366935874849739
352, -3.9446661820403177, 5.363973654662753
352, -3.944574935980337, 5.3619217310700185
352, -3.948865519318731, 5.355371440506737
353, -3.9543392727394147, 5.366935874849739
353, -3.9537054906845097, 5.374778927779191
353, -3.9456484836496273, 5.379530259927763
353, -3.9429460108347514, 5.368216394008189
353, -3.9446661820403177, 5.363973654662753
354, -3.9499990102676037, 5.306206838947028
354, -3.952696527119373, 5.3083994926721685
354, -3.9520916845918035, 5.319127489082222
354, -3.949771817995945, 5.320739817806885
354, -3.9429134973873747, 5.319237759144189
354, -3.9466971909924937, 5.305994831526272
355, -3.945359952606635, 5.38071009478673
355, -3.942565123094959, 5.386299753810082
355, -3.917092664602878, 5.377321871307909
355, -3.9260328564986327, 5.369353828364127
355, -3.9429460108347514, 5.368216394008189
355, -3.9456484836496273, 5.379530259927763
356, -3.95364951772302, 5.3394334920988875
356, -3.9463624290942936, 5.348612421044687
356, -3.927413436582662, 5.339632059514232
356, -3.9358081231212423, 5.337363022920842
356, -3.953173508700222, 5.337717418544902
357, -3.9491452980073123, 5.354237877087743
357, -3.948865519318731, 5.355371440506737
357, -3.944574935980337, 5.3619217310700185
357, -3.9311976530715227, 5.355519161857043
357, -3.926506978946708, 5.339511890825995
357, -3.927413436582662, 5.339632059514232
357, -3.9463624290942936, 5.348612421044687
358, -3.951501400017837, 5.298750023764683
358, -3.9499990102676037, 5.306206838947028
358, -3.9466971909924937, 5.305994831526272
358, -3.9422050368818446, 5.303347340972656
358, -3.939018550655765, 5.296241542119428
358, -3.9498809927663343, 5.296599195434451
359, -3.9105851843317967, 4.9223
359, -3.9837941690408334, 4.9223
359, -3.9507702890227843, 5.121009403765756
359, -3.9132287302377824, 5.243326628025262
359, -3.909879284544632, 5.244762668346
359, -3.9057022615529102, 5.24413430666218
359, -3.895579638490725, 5.212102929489882
359, -3.889698524172609, 5.137748841325147
360, -3.9422050368818446, 5.303347340972656
360, -3.9466971909924937, 5.305994831526272
360, -3.9429134973873747, 5.319237759144189
360, -3.9362762996871985, 5.319109105709643
361, -3.939018550655765, 5.296241542119428
361, -3.9422050368818446, 5.303347340972656
361, -3.9362762996871985, 5.319109105709643
361, -3.908221934208349, 5.326750130851137
361, -3.8613401847598077, 5.31374091770537
361, -3.8782907789859316, 5.300470129154201
361, -3.9110233808964563, 5.283839259106494
361, -3.9132644467184265, 5.283121470176735
361, -3.9199525640151656, 5.282452528555484
362, -3.949771817995945, 5.320739817806885
362, -3.9511465009429827, 5.328298127960527
362, -3.9358081231212423, 5.337363022920842
362, -3.927413436582662, 5.339632059514232
362, -3.926506978946708, 5.339511890825995
362, -3.908221934208349, 5.326750130851137
362, -3.9362762996871985, 5.319109105709643
362, -3.9429134973873747, 5.319237759144189
363, -3.9336317152784255, 5.238712439322044
363, -3.9281878754004387, 5.245428505962372
363, -3.9167033685035766, 5.24654702446673
363, -3.9132287302377824, 5.243326628025262
363, -3.9507702890227843, 5.121009403765756
363, -3.9366371891900416, 5.231280836813701
364, -3.9281878754004387, 5.245428505962372
364, -3.9336317152784255, 5.238712439322044
364, -3.9365547925046025, 5.250162222168683
364, -3.9340541970896097, 5.256554721725811
364, -3.929890000000065, 5.251870000000073
364, -3.927135278745646, 5.248656158536581
365, -3.9311976530715227, 5.355519161857043
365, -3.944574935980337, 5.3619217310700185
365, -3.9446661820403177, 5.363973654662753
365, -3.9429460108347514, 5.368216394008189
365, -3.9260328564986327, 5.369353828364127
366, -3.926506978946708, 5.339511890825995
366, -3.9311976530715227, 5.355519161857043
366, -3.9260328564986327, 5.369353828364127
366, -3.917092664602878, 5.377321871307909
366, -3.6495233263097435, 5.433630998358123
366, -3.851987858327463, 5.316648240094512
366, -3.8613401847598077, 5.31374091770537
366, -3.908221934208349, 5.326750130851137
367, -3.9340541970896097, 5.256554721725811
367, -3.933845179437437, 5.257802769156175
367, -3.929890000000065, 5.251870000000073
368, -3.933845179437437, 5.257802769156175
368, -3.9310228455945255, 5.277420302752808
368, -3.9199525640151656, 5.282452528555484
368, -3.9132644467184265, 5.283121470176735
368, -3.927135278745646, 5.248656158536581
368, -3.929890000000065, 5.251870000000073
369, -3.9281878754004387, 5.245428505962372
369, -3.927135278745646, 5.248656158536581
369, -3.9132644467184265, 5.283121470176735
369, -3.9110233808964563, 5.283839259106494
369, -3.912552897150743, 5.262693696890981
369, -3.9167033685035766, 5.24654702446673
370, -3.5387899999999997, 5.489067888127854
370, -3.5387899999999997, 4.9223
370, -3.9105851843317967, 4.9223
370, -3.889698524172609, 5.137748841325147
370, -3.851987858327463, 5.316648240094512
370, -3.6495233263097435, 5.433630998358123
371, -3.912552897150743, 5.262693696890981
371, -3.9110233808964563, 5.283839259106494
371, -3.8782907789859316, 5.300470129154201
371, -3.8919645800163756, 5.260628137472502
371, -3.9057022615529102, 5.24413430666218
371, -3.909879284544632, 5.244762668346
372, -3.9167033685035766, 5.24654702446673
372, -3.912552897150743, 5.262693696890981
372, -3.909879284544632, 5.244762668346
372, -3.9132287302377824, 5.243326628025262
373, -3.8782907789859316, 5.300470129154201
373, -3.8613401847598077, 5.31374091770537
373, -3.851987858327463, 5.316648240094512
373, -3.889698524172609, 5.137748841325147
373, -3.895579638490725, 5.212102929489882
373, -3.8919645800163756, 5.260628137472502
374, -3.895579638490725, 5.212102929489882
374, -3.9057022615529102, 5.24413430666218
374, -3.8919645800163756, 5.260628137472502
